"고유번호","언어","상호명","콘텐츠URL","주소","신주소","전화번호","팩스번호","웹사이트","운영시간","운영요일","휴무일","교통정보","태그","장애인편의시설"
"15338","ko","1898 명동성당 ","https://korean.visitseoul.net/attractions/1898-명동성당/KOP015338?utm_source=seoulopendata&utm_medium=attractions&utm_content=KOP015338","100-809 서울 중구 명동2가 1-1 ","04537 서울 중구 명동길 74 (명동2가, 명동성당) ","02-727-2332","","https://1898.catholic.or.kr/plaza.asp","09:00~22:00","","설날, 추석 당일 (성당사무실: 월요일 휴무)","지하철 2/3호선 을지로 3가역 12번 출구,  403m 지하철 4호선 명동역 10번 출구,  425m","복합문화공간, 고딕, 1898광장,명동,명동대성당,명동나들이,성당",""
"23532","ko","SeMA 벙커 ","https://korean.visitseoul.net/attractions/SeMAbunker/KOP023532?utm_source=seoulopendata&utm_medium=attractions&utm_content=KOP023532","150-010 서울 영등포구 여의도동 2-6 ","07327 서울 영등포구 의사당대로 지하 101 (여의도역) ","02-2124-8946","","https://sema.seoul.go.kr/","화요일 ~ 금요일 10:00 - 20:00 토요일?공휴일 10:00 - 19:00","화요일 ~ 일요일","매주 월요일 2024/8/31~2024/12/31까지 운영중단","5,9호선 여의도역 3번 출구에서 약 460m (도보 6분) ","방공호,서울시립미술관, 역사갤러리,서울여행, 벙커, 여의도역, 여의도환승센터, 전시, 지하벙커,복합문화예술공간, 서울,여의도공원,비밀벙커, 여의도, SeMABunker, SeMA벙커",""
"252","ko","63스퀘어","https://korean.visitseoul.net/attractions/63스퀘어/KOP000210?utm_source=seoulopendata&utm_medium=attractions&utm_content=KOP000210","150-763 서울 영등포구 여의도동 60 ","07345 서울 영등포구 63로 50 (여의도동, 63한화생명빌딩) ","1833-7001","","","임시휴업","","임시휴업","지하철 9호선/ 신림선 샛강역 3번 출구,  1.2km","아쿠아리움,63아쿠아플라넷, 63빌딩전망대, 63아트,63빌딩,데이트코스,63빌딩레스토랑,전망대,63스퀘어,여의도","장애인화장실,장애인 전용 주차장,접근가능,엘리베이터,장애인 안내(휠체어 대여 및 기타)"
"2885","ko","PKM갤러리","https://korean.visitseoul.net/attractions/PKM갤러리/KOP002885?utm_source=seoulopendata&utm_medium=attractions&utm_content=KOP002885","110-230 서울 종로구 삼청동 157-83 ","03049 서울 종로구 삼청로7길 40 (삼청동, 피케이엠 갤러리) ","02-734-9467","","http://www.pkmgallery.com/","10:00 ~ 18:00 ","화요일 ~ 일요일","월요일 ","지하철 3호선 안국역 1번 출구,  1.2km"," 회화, 화랑,한옥, 안국역, 갤러리투어, 미술관,삼청동갤러리, 조각, 윈도우갤러리, 영상,광화문, PKM갤러리",""
"37879","ko","HYBE INSIGHT (하이브 뮤지엄)","https://korean.visitseoul.net/attractions/HYBE-INSIGHT/KOP037879?utm_source=seoulopendata&utm_medium=attractions&utm_content=KOP037879"," 서울 용산구 한강로3가 65-9 ","04389 서울 용산구 한강대로 42 (한강로3가, 용산트레이드센터) 하이브 인사이트 지하 1, 2층","","","https://hybeinsight.com","11:00 ~ 21:00 (입장 마감 18:55)","화~일","월요일","4호선 신용산역 2번 출구에서 569m","서울,bts,방탄소년단,엔터테인먼트,BTS,HYBEINSIGHT,하이브인사이트뮤지엄,방탄소년단전시,이촌가볼만한곳,이촌역,하이브뮤지엄,복합문화공간",""
"24732","ko","SJ쿤스트할레","https://korean.visitseoul.net/attractions/SJ-KUNSTHALLE-kr/KOP024732?utm_source=seoulopendata&utm_medium=attractions&utm_content=KOP024732","135-819 서울 강남구 논현동 97-22 ","06054 서울 강남구 언주로148길 5 (논현동) ","0507-1402-9722","","http://sjkunsthalle.com/","평일 09:00 - 18:00 대관문의 평일 11:00 - 22:00 카페 평일 11:00 - 18:00 피규어갤러리(JDstudio)","월요일~일요일","","지하철 수인분당선/7호선 강남구청역 3번 출구,  1km ","압구정로데오거리, SJ쿤스트할레, 시티투어버스정류장,문화예술플랫품, 강남구청역,타이거버스",""
"44032","ko","만나분식","https://korean.visitseoul.net/attractions/202303/KOPu5th9n?utm_source=seoulopendata&utm_medium=attractions&utm_content=KOPu5th9n","  ","06284 서울 강남구 삼성로 212 (대치동, 은마아파트) ","02-557-7040","","","매일 10:00 ~ 20:00","","매달 1, 3번째 일요일 정기 휴무 & 2, 4번째 월요일 휴무","3호선 대치역 3번 출구에서 10m"," 떡볶이, 은마상가,분식, 대치동,오래가게, 강남, 떡꼬치",""
"24706","ko","만나분식","https://korean.visitseoul.net/attractions/Manna-Bunsik-kr/KOP024706?utm_source=seoulopendata&utm_medium=attractions&utm_content=KOP024706","  ","03039 서울 종로구 필운대로1길 4 1층 ","0507-1361-0937","","","매일 10:00 ~ 20:00","","매달 1, 3번째 일요일 정기 휴무 & 2, 4번째 월요일 휴무","3호선 경복궁역 1번 출구에서 407m"," 떡볶이,오래가게, 분식, 통인시장, 서촌, 효자동, 떡튀김",""
"1005","ko","가무","https://korean.visitseoul.net/attractions/가무/KOP001005?utm_source=seoulopendata&utm_medium=attractions&utm_content=KOP001005","  ","04536 서울 중구 명동4길 16 ","02-776-3141","","","11:00~23:00","매일","없음","4호선 명동역 6번 출구에서 320m","오래가게, 카페, 비엔나커피, 명동대성당, 앤티크, 명동",""
"29238","ko","서울메트로미술관","https://korean.visitseoul.net/attractions/서울메트로미술관/KOP029238?utm_source=seoulopendata&utm_medium=attractions&utm_content=KOP029238"," 서울 종로구 적선동 81-1 ","03170 서울 종로구 사직로 지하 130 (적선동, 3호선 경복궁역) ","1577-1234","","https://www.seoulmetro.co.kr:444/kr/rent.do?menuIdx=394","매일 7:00~22:00","","","3호선 경복궁역 6번 출구","문화공간, 공공미술관, 대관, 미술작품, 지하철역, 경복궁역, 전통,서울메트로미술관, 경복궁,전시,미술관",""
"29561","ko","aT센터","https://korean.visitseoul.net/attractions/aT센터/KOP029561?utm_source=seoulopendata&utm_medium=attractions&utm_content=KOP029561"," 서울 서초구 양재동 232 ","06774 서울 서초구 강남대로 27 (양재동, AT센터) ","02-6300-1114","","http://atcenter.at.or.kr/","","","","지하철 신분당선 양재시민의숲역 4번 출구,  60m"," 전시,박람회, 교역전, 양재시민의숲역,aT센터,컨벤션,MICE,국제회의, 회의실",""
"43607","ko","상진다방","https://korean.visitseoul.net/attractions/2023056/KOP4630x7?utm_source=seoulopendata&utm_medium=attractions&utm_content=KOP4630x7"," 서울 영등포구 문래동2가 14-84 ","07290 서울 영등포구 도림로133길 9 (문래동2가, 상진빌딩) ","02-2677-3554","","","월~금 07:00 - 18:00 토요일 07:00 - 15:00","월~토","일요일","2호선 문래역 7번출구에서 470m","쌍화차, 오래가게, 문래철공단지, 문래창작촌, 다방, 문래동, 배달전문",""
"25060","ko","갤러리 3안","https://korean.visitseoul.net/attractions/gallerly-3ann-kr/KOP025060?utm_source=seoulopendata&utm_medium=attractions&utm_content=KOP025060","110-230 서울 종로구 삼청동 27-22 ","03053 서울 종로구 북촌로 137-7 (삼청동) ","02-720-2722","","https://www.gallery3ann.com/","10:30 - 18:30","화요알~토요일","-일요일, 월요일","3호선 안국역 2번 출구 (종로 마을버스 02번 감사원 정류장 하차) 5호선 광화문역 4번 출구 (종로 마을버스 11번 탑승 후 교육과정평가원 정류장 하차)"," 예술,삼청동전시회, 갤러리,갤러리3안, 갤러리카페3안, 미술관, 광화문역,삼청동갤러리, 전시",""
"23629","ko","서울시립과학관","https://korean.visitseoul.net/attractions/scienceseoul/KOP023629?utm_source=seoulopendata&utm_medium=attractions&utm_content=KOP023629"," 서울 노원구 하계동 21 ","01792 서울 노원구 한글비석로 160 (하계동, 서울시립과학관) ","02-970-4500","","http://science.seoul.go.kr/","09:30 ~ 17:30","화~일","-월요일 (공휴일 겹칠시 화요일 휴관) -1월 1일 -설날, 추석 당일","7호선 하계역 3번 출구 도보 15분","서울시립과학관,과학전시, 서울과학관, 시립과학관,전시,과학전시장,하계역, 과학, 과학프로그램, 서울여행",""
"50533","ko","e스포츠 명예의 전당","https://korean.visitseoul.net/attractions/esports-history/KOPfpky3x?utm_source=seoulopendata&utm_medium=attractions&utm_content=KOPfpky3x"," 서울 마포구 상암동 1648 ","03909  서울시 마포구 매봉산로 31 에스플렉스센터 시너지움 11층 ","070-4225-0975","","http://esportshistory.kr","11:00-18:00","","매주 월요일","지하철 6호선/공항철도/경의중앙 디지털미디어시티역 9번출구, 811m","e스포츠 명예의 전당,전시관,e스포츠 전시,서울전시,스튜디오체험,VR",""
"37891","ko","아쿠아플라넷63","https://korean.visitseoul.net/attractions/아쿠아플라넷63/KOP037891?utm_source=seoulopendata&utm_medium=attractions&utm_content=KOP037891"," 서울 영등포구 여의도동 60 ","07345 서울 영등포구 63로 50 (여의도동, 63한화생명빌딩) ","02-1833-7001","","https://www.aquaplanet.co.kr/63/index.do","10:00 ~ 19:00 (입장마감 18:30)","매일","","","서울,서울비올때,서울데이트,서울아이와가볼만한곳,아쿠아,아쿠아플라넷63,아쿠아리움추천,서울아쿠아리움,서울실내장소,서울놀거리,63빌딩,실내데이트,아쿠아리움",""
"1306","ko","용산가족공원","https://korean.visitseoul.net/attractions/용산가족공원/KOP001306?utm_source=seoulopendata&utm_medium=attractions&utm_content=KOP001306","140-026 서울 용산구 용산동6가 68-90 ","04383 서울 용산구 서빙고로 185 (용산공원) ","	02-792-5661","","	http://munha.yongsan.go.kr/pms/contents/contents.do?contseqn=1018&sitecdv=S0000701&decorator=user07Ct&menucdv=01020200","24:00 ~ 23:59  연중 24시간 개방","월화수목금토일","","4호선 이촌역 2번 출구 도보 5분    중앙선 서빙고역 1번 출구 도보 5분","용산가족공원, 공원, 자연",""
"33743","ko","서울역사박물관 온라인 교육 서비스","https://korean.visitseoul.net/attractions/서울역사박물관-온라인-교육-서비스/KOP033743?utm_source=seoulopendata&utm_medium=attractions&utm_content=KOP033743"," 서울 종로구 신문로2가 2-1 ","03177 서울 종로구 새문안로 55 (신문로2가) ","02-724-0274","","https://museum.seoul.go.kr/www/edu/eduSch/eduSch2th.jsp?sso=ok","","","","1호선 시청역 1,2,3번 출구 / 5호선 광화문역 7,8번 출구 / 5호선 서대문역 4번 출구"," 박물관, 온라인교육서비스, 온라인체험,박물관유물, 역사공부, 시청역,교육,서울역사박물관","장애인화장실,장애인 전용 주차장,접근가능,엘리베이터,장애인 안내(휠체어 대여 및 기타)"
"43001","ko","갤러리 광화","https://korean.visitseoul.net/attractions/Pandemic-X-Design-plus-Future-/KOPj466sq?utm_source=seoulopendata&utm_medium=attractions&utm_content=KOPj466sq","03183 서울 종로구 신문로1가 2 1층,2층","03183 서울 종로구 새문안로 103 (신문로1가, 갤러리광화) 1층,2층","070-8287-2208","","http://seoulvibe.kr","금, 토, 일, 월 10:00 ~ 19:30 (입장마감 19:00)","전일 운영","","지하철 5호선, 광화문역,7번 출구 ","갤러리광화, 광화문광장, 미디어전시회, 미디어아트, mediaart,seoul, delight?Seoul",""
"43458","ko","JS슈즈디자인연구소","https://korean.visitseoul.net/attractions/2023048/KOPaw1wws?utm_source=seoulopendata&utm_medium=attractions&utm_content=KOPaw1wws"," 서울 성동구 성수동2가 315-10 2층 ","04775 서울 성동구 연무장길 57 (2층) ","010-5204-1060","","http://www.xn--js-xw5jh5u.kr/","평일 09:00~19:00, 주말 10:00~19:00","매일","없음","지하철 2호선 성수역 3번출구,  269m"," 여자구두, 전태수수제화, 남자구두, 수제화, 성수동카페거리, 성수,오래가게",""
"27232","ko","삼청로 안내소","https://korean.visitseoul.net/attractions/삼청로-안내소/KOP027232?utm_source=seoulopendata&utm_medium=attractions&utm_content=KOP027232","110-210 서울 종로구 화동 61 ","03053 서울 종로구 삼청로 68 (안송빌딩) ","+82-2-723-9472","","http://www.sta.or.kr","10:00~19:00 (KST)","","설, 추석 당일 휴무","3호선 안국역 1번 출구","삼청동,여행,관광안내소,삼청로-안내소,여행,안내소",""
"1962","ko","생각꿈틀미술관","https://korean.visitseoul.net/attractions/생각꿈틀미술관/KOP001962?utm_source=seoulopendata&utm_medium=attractions&utm_content=KOP001962"," 서울 서초구 양재2동 310 언남고등학교 내 언남문화체육센터 ","06780 서울특별시 서초구 동산로 55, 언남고등학교 내 언남문화체육센터 (양재동) ","02-578-0270","","","평일 및 토요일 AM 10:00 ~ PM 06:00","월화수목금토","일요일?공휴일 휴관","신분당선 양재시민의 숲(매헌) 2번 출구 도보 10분","양재동미술관,언남고등학교,문화,체험학습,전시,전시,언남문화체육센터,생각꿈틀미술관,생각꿈틀언남문화체육센터,체험학습,문화, 양재시민의숲역미술관,양재동미술관,미술관",""
"33824","ko","서울도시재생이야기관","https://korean.visitseoul.net/attractions/서울도시재생이야기관/KOP033824?utm_source=seoulopendata&utm_medium=attractions&utm_content=KOP033824"," 서울 종로구 신문로2가 6 도시재생이야기관","03178 서울 종로구 송월길 2 (신문로2가, 서울도시건축센터) ","070-4160-3963","","https://surc.or.kr/story","화요일~일요일 10:00~19:00 (월요일?공휴일 휴관) ","","","5호선 서대문역 4번출구","도시재생,돈의문박물관마을,핸즈인서울,서울도시재생이야기관, 이야기관",""
"43510","ko","합덕슈퍼","https://korean.visitseoul.net/attractions/Hapdeok/KOPfz3wx0?utm_source=seoulopendata&utm_medium=attractions&utm_content=KOPfz3wx0"," 서울 용산구 한남동 685-1 ","04400 서울 용산구 이태원로42길 20 (한남동) ","","","","매일 10:00 ~ 22:00","","","6호선 이태원역 3번 출구","합덕슈퍼, 이태원 편의점, 오래가게",""
"36048","ko","스마트서울 전시관","https://korean.visitseoul.net/attractions/스마트서울전시관/KOP036048?utm_source=seoulopendata&utm_medium=attractions&utm_content=KOP036048"," 서울 중구 태평로1가 31 ","04524 서울 중구 세종대로 110 (태평로1가, 서울특별시청)  B1","02-2133-7874","","http://www.seoulcitizenshall.kr/?r=sch&m=program2&cate=&ing=active&sort=uid&mod=view&p=1&uid=2410","10:00~18:00(입장마감 17:30)","월요일 ~ 토요일","1월 1일, 설날/추석 당일, 매월 마지막 일요일","1호선 시청역 4번 출구, 2호선 을지로입구역 하차 후 서울시청 방면 지하 연결출구","스마트도시,서울전시,서울갈만한곳,서울 전시관,서울전시관데이트,스마트서울","장애인화장실,엘리베이터,접근가능,장애인 전용 주차장"
"20193","ko","스튜디오 콘크리트","https://korean.visitseoul.net/attractions/스튜디오콘크리트/KOP020193?utm_source=seoulopendata&utm_medium=attractions&utm_content=KOP020193","140-894 서울 용산구 한남동 795-3 ","04417 서울 용산구 한남대로 162 (한남동) ","02-794-4095","","http://www.studio-ccrt.com","11:00 - 20:00","화~일","월요일","지하철 6호선 한강진역 2번 출구에서 약 400m"," 유아인,한남동콘크리트, 한남, 스튜디오콘크리트,예술, 카페, 한류, 유아인전시회, 유아인카페,전시,이태원,복합문화공간, 한강진역",""
"27227","ko","시민청 관광안내소","https://korean.visitseoul.net/attractions/시민청-관광안내소/KOP027227?utm_source=seoulopendata&utm_medium=attractions&utm_content=KOP027227","100-744 서울 중구 태평로1가 31 ","04524 중구 세종대로 110(신청사 지하 1층 시민청 내 인포데스크) ","+82-2-739-7755","","http://www.sta.or.kr","10:00~19:00(일요일 휴관)","","1월 1일, 설날?추석 당일 휴무","1?2호선 시청역 4번 출구","관광안내소,안내소,여행,시민청관광안내소,안내,시민청",""
"27195","ko","용산역관광정보센터","https://korean.visitseoul.net/attractions/용산역관광정보센터/KOP027195?utm_source=seoulopendata&utm_medium=attractions&utm_content=KOP027195","140-780 서울 용산구 한강로3가 40-999 ","04377 서울 용산구 한강대로23길 55 (한강로3가, 용산역) ","+82-70-4224-4597","","","09:00-18:00","","","1호선?경의중앙선 용산역 4호선 신용산역 3번 출구","용산역관광정보센터,용산역,서울관광정보센터",""
"27191","ko","영등포관광정보센터","https://korean.visitseoul.net/attractions/영등포관광정보센터/KOP027191?utm_source=seoulopendata&utm_medium=attractions&utm_content=KOP027191","150-798 서울 영등포구 영등포동4가 442 ","07305 서울 영등포구 영중로 15 (영등포동4가, 타임스퀘어) ","+82-2-2675-5600","","","(5월-10월) 09:00~20:00  (11월-4월) 10:00~19:00","","연중무휴 (설, 추석 당일 휴관)","1호선 영등포역 6번 출구 2호선 문래역 4번 출구","전시,안내,관광,영등포관광정보센터,영등포,VR체험,타임스퀘어,포토존,목화체험",""
"5507","ko","서울백제어린이박물관","https://korean.visitseoul.net/attractions/몽촌역사관/KOP005507?utm_source=seoulopendata&utm_medium=attractions&utm_content=KOP005507","138-749 서울 송파구 방이동 88-3 ","05540 서울 송파구 올림픽로 424 (몽촌역사관) ","02-2152-5900","","http://baekjemuseum.seoul.go.kr/dreamvillage/","09:00~18:00","화~일","-월 -1월 1일","지하철 5호선 올림픽공원역 3번 출구,  1.2km      지하철 8호선 몽촌토성역 1번 출구,  1.4km ","움집터전시관,유물, 몽촌역사관, 역사,서울백제어린이박물관, 꿈나무영화마당, 몽촌토성역, 잠실, 박물관,올림픽공원역","장애인화장실,접근가능"
"26191","ko","동양방아간","https://korean.visitseoul.net/attractions/동양방아간/KOP026191?utm_source=seoulopendata&utm_medium=attractions&utm_content=KOP026191"," 서울 종로구 부암동 244-5 ","03020 서울 종로구 자하문로40길 77 (부암동) ","02-379-6987","","","09:00~17:00","매일","없음","지하철 경복궁역 3번 출구,  7022, 7012, 1020 지선버스 탑승. 부암동주민센터.무계원 정류장에서 하차 후 약 168m","부암동,흑임자인절미,쑥인절미,떡집,오래가게",""
"34859","ko","용산공원갤러리","https://korean.visitseoul.net/attractions/용산공원갤러리/KOP034859?utm_source=seoulopendata&utm_medium=attractions&utm_content=KOP034859"," 서울 용산구 한강로1가 1-1 ","04322 서울 용산구 한강대로 237 ","02-3785-2590","","http://blog.naver.com/yongsanpark_gallery","10:00 - 19:00","화요일 - 토요일","월요일, 일요일, 공휴일 휴무","1호선 남영역 1번 출구, 4호선 숙대입구역 7번 출구, 6호선 삼각지역 10번 출구","용산공원갤러리",""
"15109","ko","고궁을 찾다","https://korean.visitseoul.net/attractions/고궁을-찾다/KOP015109?utm_source=seoulopendata&utm_medium=attractions&utm_content=KOP015109","  ","  ","","","","","","","","창경궁, 창덕궁,고궁,경희궁,경복궁",""
"27380","ko","이음피움 봉제역사관","https://korean.visitseoul.net/attractions/iumpium-kr/KOP027380?utm_source=seoulopendata&utm_medium=attractions&utm_content=KOP027380"," 서울 종로구 창신동 647-50 ","03097 서울 종로구 창신4가길 26 (창신동, 이음피움 봉제역사관) ","02-747-6471","","http://iumpium.com/","10:00~18:00 (17:30에 입장 마감)","화~일","-월요일 -공휴일","1호선 동대문역 1번 출구","동대문역, 창신동,도시재생, 문화역사공간,이음피움, 서울투어, 봉제산업, 봉제역사관","장애인화장실"
"24705","ko","국선옻칠","https://korean.visitseoul.net/attractions/2023083/KOP024705?utm_source=seoulopendata&utm_medium=attractions&utm_content=KOP024705"," 서울 종로구 예지동 2-1 ","03195 서울 종로구 창경궁로 88 광장3층 2390호 ","02-2265-3372","","www.gs5701.com","09:00~18:30","평일","주말","지하철 1호선 종로5가역 8번 출구,  200m"," 나전칠기,오래가게, 종로, 서울미래유산, 광장시장, 제조도매, 명함케이스,자개보석함",""
"27471","ko","삼보원","https://korean.visitseoul.net/attractions/삼보원/KOP027471?utm_source=seoulopendata&utm_medium=attractions&utm_content=KOP027471"," 서울 종로구 견지동 50-2 ","03144 서울 종로구 우정국로 53 (견지동) 삼보원","02-732-9904","","","09:00~19:00 ","매일","없음","지하철 3호선 안국역 6번 출구,  300m","조계사,향,불교용품,오래가게,승복,조각상,초",""
"46798","ko","서정 아트 서울","https://korean.visitseoul.net/attractions/2024-seojungart/KOP7u0294?utm_source=seoulopendata&utm_medium=attractions&utm_content=KOP7u0294"," 서울 강남구 논현동 270-38 ","06103 서울 강남구 봉은사로47길 12 (논현동) ","1644-1454","","https://seojung-art.com/ko/","10:00 ~ 18:00","화요일~토요일","일요일, 월요일 정기휴무, 법정공휴일 9/16~18 추석 연휴 휴무","지하철 9호선/ 수인분당선 선정릉역 1번 출구,  229m","갤러리,서정아트서울,서정아트,전시,강남전시,선정릉역",""
"46979","ko","창덕궁 후원 ","https://korean.visitseoul.net/attractions/2024-cdggarden/KOPh0fn38?utm_source=seoulopendata&utm_medium=attractions&utm_content=KOPh0fn38"," 서울 종로구 와룡동 2-71 ","03072 서울 종로구 율곡로 99 (와룡동, 창덕궁) ","02-3668-2300","","https://royal.khs.go.kr/ROYAL/contents/R702000000.do","한국어 11~2월 10:00~15:00 (1시간 간격으로 입장 가능)  3~10월 10:00~16:00 (1시간 간격으로 입장 가능)  영어 12~2월 10:30 / 11:30 / 14:30  3~11월 10:30 / 11:30 / 14:30 / 15:30  일본어 1~12월 13:30 (매주 수,금,일요일 운영)  중국어 1~12월 12:30 (매주 화,목,토요일 운영)  * 언어권별 입장 제한 1회당 100명 (인터넷 예매 50명+현장발매 50명) * 후원 외국인 관람 시간 내국인 입장 불가 (단, 외국인 동반자가 있는 경우 내국인 최대 2명까지 입장 가능)","화요일 ~ 일요일","매주 월요일 휴관(정기휴관일이 공휴일 및 대체휴일과 겹칠 경우에는 개방하며, 그다음의 첫번째 비공휴일이 정기휴일임) ","3호선 안국역 3번 출구에서 약 389m (도보 6분) ","정원,창덕궁,창덕궁후원",""
"45396","ko","서울기록문화관","https://korean.visitseoul.net/attractions/seoularchivalservices/KOPkr613y?utm_source=seoulopendata&utm_medium=attractions&utm_content=KOPkr613y"," 서울 중구 태평로1가 31 서울도서관 3층","04524 서울 중구 세종대로 110 (태평로1가, 서울특별시청) 서울도서관 3층","02-2133-2970 ","","https://lib.seoul.go.kr/rwww/html/ko/seoulArchRoom.jsp","09:00 ~ 18:00","화요일 ~ 일요일 ","월요일, 법정공휴일","1,2호선 시청역 5번 출구에서 53m (도보 1분)","서울도서관,기록,시청,문화,통통투어","장애인화장실,접근가능,엘리베이터,장애인 안내(휠체어 대여 및 기타)"
"27474","ko","서울상회","https://korean.visitseoul.net/attractions/서울상회/KOP027474?utm_source=seoulopendata&utm_medium=attractions&utm_content=KOP027474"," 서울특별시 중구 남창동 34-1 ","04528 서울 중구 남대문시장4길 2 ","02-778-8149","","","09:00~18:00","매일","없음","지하철 4호선 회현역 5번 출구,  254m","오래가게, 남대문시장, 기념품,송이버섯, 김,홍삼",""
"34420","ko","셋이서문학관","https://korean.visitseoul.net/attractions/셋이서-문학관/KOP034420?utm_source=seoulopendata&utm_medium=attractions&utm_content=KOP034420","  ","03308 서울시 은평구 진관길 23 셋이서문학관","02-355-5800","","http://museum.ep.go.kr","10:00 ~ 18:00 ","화요일-일요일","월요일","3,6호선 연신내역 3번 출구 / 시내버스(701,7211)로 환승 후 관사 입구 하차","셋이서-문학관",""
"43495","ko","세븐웰제화","https://korean.visitseoul.net/attractions/2023110/KOPqlzpr0?utm_source=seoulopendata&utm_medium=attractions&utm_content=KOPqlzpr0"," 서울 중구 의주로2가 61-12 ","04509 서울 중구 칠패로 6 ","02-711-9336","","sevenwell.modoo.at","월요일~금요일 09:00~18:00, 토요일 09:00~17:00","월요일~토요일","일요일","지하철 2/5호선 충정로역 4번 출구,  430m","오래가게, 기능성구두, 족저근막염깔창,건강구두, 서울역,기능성깔창, 맞춤깔창",""
"1427","ko","쇳대박물관","https://korean.visitseoul.net/attractions/쇳대박물관/KOP001425?utm_source=seoulopendata&utm_medium=attractions&utm_content=KOP001425"," 서울 종로구 이화동 9-444 187-8","03088 서울 종로구 낙산성곽서1길 24 (이화동) ","02-755-6494","","http://ehwadong.com/","10:00~18:00","","매주 월요일","지하철 1/4호선 동대문역 1번 출구,  873m","혜화,쇳대박물관,박물관,전시,자물쇠,전통,역사,동대문",""
"49388","ko","롯데월드타워 물품보관소","https://korean.visitseoul.net/attractions/LuggageStorage26/KOPtdi6q6?utm_source=seoulopendata&utm_medium=attractions&utm_content=KOPtdi6q6"," 서울 송파구 신천동 29 ","05551 서울 송파구 올림픽로 300 (신천동, 롯데월드타워앤드롯데월드몰) ","","","","","","","","롯데월드타워 물품보관소",""
"25927","ko","명신당필방","https://korean.visitseoul.net/attractions/명신당필방/KOP025927?utm_source=seoulopendata&utm_medium=attractions&utm_content=KOP025927"," 서울 종로구 관훈동 18 ","03148 서울 종로구 인사동길 34 ","02-736-2466","","https://www.myungsindang.co.kr/","09:30~19:00","매일","없음","지하철 1/3/5호선 종로3가역 5번 출구,  358m"," 붓, 인사동, 민화, 문인화, 벼루,서화재료판매,먹, 쌈지길,오래가게",""
"10946","ko","오보코 갤러리","https://korean.visitseoul.net/attractions/오보코-갤러리/KOP010944?utm_source=seoulopendata&utm_medium=attractions&utm_content=KOP010944","136-823 서울 성북구 성북동 26-4 오보코갤러리","02837 서울특별시 성북구 선잠로5길 15  (성북동) ","02-742-7768","","http://blog.naver.com/ovocogallery","평일 AM 11:00 ~ PM 05:00 토요일 AM 11:00 ~ PM 03:00","월요일~토요일","일요일","4호선 한성대입구역 5번 출구에서 약 1.3km (도보 23분)"," C&K다이아몬드, 문화행사, 프리미엄쥬얼리갤러리, 보스를지켜라, 오보코,한성대입구역, 드라마촬영지,오보코갤러리, 갤러리,보스를지켜라촬영지, 성북동",""
"24345","ko","정동극장","https://korean.visitseoul.net/attractions/jeongdong-theater-kr/KOP024345?utm_source=seoulopendata&utm_medium=attractions&utm_content=KOP024345","100-120 서울 중구 정동 8-11 ","04518 서울 중구 정동길 43 (정동, 정동극장) ","02-751-1500","","https://www.jeongdong.or.kr/portal/main/main.do","","","","1, 2호선 시청역 12번 출구에서 약 440m (도보 6분) ","정동극장,시청역,타이거버스,극장,예술,시티투어버스,원각사,문화,광화문,서대문역,최초근대식극장",""
"34857","ko","서울기록원","https://korean.visitseoul.net/attractions/서울기록원/KOP034857?utm_source=seoulopendata&utm_medium=attractions&utm_content=KOP034857"," 서울 은평구 녹번동 7-1 ","03371 서울 은평구 통일로62길 7 (녹번동, 서울기록원) ","02-350-5600","","https://archives.seoul.go.kr","10:00 ~ 17:00","화요일-일요일","월요일","지하철 3/6호선 불광역 2번 출구,  370m","서울기록원",""
"1262","ko","카이스갤러리","https://korean.visitseoul.net/attractions/카이스갤러리/KOP001262?utm_source=seoulopendata&utm_medium=attractions&utm_content=KOP001262","135-896 서울 강남구 신사동 638-9 1층","06017 서울 강남구 언주로174길 13 (신사동) 1층","0507-1402-0668 ","","https://www.instagram.com/caisgallery/","10:00-19:00","월요일~토요일","-일요일 -공휴일","수인분당선 압구정로데오역 6번 출구에서 약 523m (도보 7분) 3호선 압구정역에서 약 687m (도보 11분) ","경희대학교,전시,외대앞역,회기역,화성암,경희대자연사박물관,자연사박물관,유물,경희대,퇴작암,유럽산암석,박물관",""
"43436","ko","수유어묵공장","https://korean.visitseoul.net/attractions/2023006/KOPmuqfz0?utm_source=seoulopendata&utm_medium=attractions&utm_content=KOPmuqfz0","  ","01117 서울 강북구 도봉로67길 18 ","02-980-7488","","","08:00~21:00","매일","없음","지하철 4호선 미아역 8번 출구,  530m","미아동,오래가게,어묵,핫바,수유시장,수유전통시장,수제",""
"43438","ko","황해이발관","https://korean.visitseoul.net/attractions/2023008/KOPnjnrwi?utm_source=seoulopendata&utm_medium=attractions&utm_content=KOPnjnrwi"," 서울 강북구 미아동 791-1622 ","01108 서울 강북구 솔매로 35-1 (미아동) ","010-3189-9212","","","08:00 ~ 22:00 (휴게시간 12:00 ~ 17:00)","매일","없음","지하철 우이신설선 삼양역 2번 출구,  260m","이용원,미아동,강북구,오래가게,이발,이발관",""
"49290","ko","을지로3가역 물품보관소","https://korean.visitseoul.net/attractions/LuggageStorage12/KOPhp6fgz?utm_source=seoulopendata&utm_medium=attractions&utm_content=KOPhp6fgz"," 서울 중구 을지로3가 347-3 ","04550 서울 중구 을지로 지하 106 (을지로3가역 2호선) ","","","","","","","","을지로3가역 물품보관소",""
"27229","ko","DDP 관광안내소","https://korean.visitseoul.net/attractions/DDP-관광안내소/KOP027229?utm_source=seoulopendata&utm_medium=attractions&utm_content=KOP027229","100-197 서울 중구 을지로7가 2-1 ","04566 서울 중구 을지로 281 (을지로7가, 디자인장터) 지하 2층 종합안내소","+82-2-2153-0307","","http://www.sta.or.kr","10:00~19:00","","설날?추석 당일 휴무","2?4?5호선 동대문역사문화공원역 1번 출구 1호선 동대문역 8번 출구","안내,DDP-관광안내소,관광안내소,DDP,여행,안내소,동대문디자인플라자",""
"23761","ko","돈의문 박물관 마을","https://korean.visitseoul.net/attractions/doneuimunmuseumvillage/KOP023761?utm_source=seoulopendata&utm_medium=attractions&utm_content=KOP023761","110-062 서울 종로구 신문로2가 7-22 ","03178 서울 종로구 송월길 14-3 (신문로2가, 국도빌딩) ","02-739-6994","","http://dmvillage.info/","10:00~19:00","화요일~일요일","월요일, 1월1일","지하철 5호선 서대문역 4번 출구, 349m","서울100년시간여행놀이터,돈의문시간여행,교육,돈의문박물관마을,전시,서대문역,돈의문마켓,돈의문",""
"49409","ko","짐프리 물품보관소","https://korean.visitseoul.net/attractions/LuggageStorage35/KOPv19yx8?utm_source=seoulopendata&utm_medium=attractions&utm_content=KOPv19yx8"," 서울 마포구 동교동 159-5 ","03995 서울 마포구 양화로 161 (동교동, 케이스퀘어) ","","","","","","","","짐프리 물품보관소",""
"33266","ko","용산공예관","https://korean.visitseoul.net/attractions/공예문화의-과거와-현재-도시와-도시를-이어주는-네트워크-플랫폼--용산공예관/KOP033266?utm_source=seoulopendata&utm_medium=attractions&utm_content=KOP033266"," 서울 용산구 한남동 728-10 ","04399 서울 용산구 이태원로 274 (한남동, 용산공예관) ","02-2199-6180 ","","http://crafts.yongsan.go.kr/","10:00~19:00","화요일~일요일","매주 월요일 및 법정공휴일","6호선 한강진역 3번 출구에서 약 150m (도보 2분)","용산구,용산여행,공방,공예, 용산관광지,체험,교육,용산투어, 전통공예,전시",""
"43445","ko","자성당약국","https://korean.visitseoul.net/attractions/2023012/KOPr3kbck?utm_source=seoulopendata&utm_medium=attractions&utm_content=KOPr3kbck"," 서울 강서구 공항동 18-80 ","07616 서울 강서구 방화대로21길 76 (공항동) ","02-2662-0555","","","월요일-토요일 09:00~21:00, 일요일 09:00~18:00","매일","공휴일","지하철 9호선 공항시장역 3번 출구,  201m","공항시장역,방화,김포공항,건강,약국,오래가게",""
"37044","ko","KCDF갤러리","https://korean.visitseoul.net/attractions/KCDF갤러리/KOP037044?utm_source=seoulopendata&utm_medium=attractions&utm_content=KOP037044"," 서울 종로구 관훈동 182-2 ","03145 서울 종로구 인사동11길 8 (관훈동, 공예종합유통지원센터) ","02-732-9382","","https://www.kcdf.or.kr","- 전시장 화요일~일요일 10:00~18:00 - 공예정원 화요일~일요일 10:00 ~ 19:00 (휴게시간 12:00 ~ 13:00) - KCDF 자료실  화요일~금요일 09:00~18:00, 토요일 10:00~19:00 (12:00~13:00 점심시간)","매일","","지하철 3호선 안국역 6번 출구,  380m","한국공예디자인문화진흥원,kcdf,공예전문갤러리,디자인,공예",""
"46812","ko","THEO 띠오","https://korean.visitseoul.net/attractions/THEO/KOP9q04ig?utm_source=seoulopendata&utm_medium=attractions&utm_content=KOP9q04ig"," 서울 강남구 삼성동 124-16  ","06156 서울 강남구 봉은사로68길 55-3 (삼성동, BANG2011)  지하 1층","02-556-7290","","https://gallerytheo.com/","13:00~19:00","화요일~토요일","월요일, 일요일, 공휴일","지하철9호선 삼성중앙역 6번출구,  539m","갤러리,THEO,삼성동전시회,미술관,무료전시,선정릉,전시회",""
"28338","ko","ECC(Ewha Campus Complex)","https://korean.visitseoul.net/attractions/ECCEwha-Campus-Complex/KOP028338?utm_source=seoulopendata&utm_medium=attractions&utm_content=KOP028338","120-750 서울 서대문구 대현동 11-1 ","03760 서울 서대문구 이화여대길 52 (대현동, 이화여자대학교) ","","","","","","","지하철 2호선 이대역 3번 출구,  500m"," 전시관,ECC, EwhaCampusComplex, 공연, 독서실,이화여자대학교, 강의실, 이대, 홍대",""
"2084","ko","가나아트센터","https://korean.visitseoul.net/attractions/가나아트센터/KOP002082?utm_source=seoulopendata&utm_medium=attractions&utm_content=KOP002082","110-846 서울 종로구 평창동 97 ","03004 서울 종로구 평창30길 28 (가나아트센타) ","02-720-1020","","http://www.ganaart.com","10:00 - 19:00","화요일~일요일","월요일","지하철 5호선 광화문역 2번 출구/지하철 3호선 경복궁역 3번 출구,  버스 1020, 1711번을 타고 롯데아파트에서 하차,  150m","미술관,가나아트센터,종로갤러리,경복궁역,심상풍경,아트센터,윤종석,문화,예술,김종구",""
"10611","ko","가미분식","https://korean.visitseoul.net/attractions/가미분식/KOP010608?utm_source=seoulopendata&utm_medium=attractions&utm_content=KOP010608"," 서울 서대문구 대현동 54-1 ","03767 서울 서대문구 이화여대8길 2 무궁화상가아파트 ","02-364-3948","","","10:00~20:30","월요일~화요일, 목요일~일요일","수요일","지하철 2호선 이대역 3번 출구,  207m","오래가게,분식,면요리,얼큰우동,주먹밥,이대",""
"46873","ko","가봉루","https://korean.visitseoul.net/attractions/Gabongnu/KOP1y7wri?utm_source=seoulopendata&utm_medium=attractions&utm_content=KOP1y7wri"," 서울 종로구 당주동 168 ","03182 서울 종로구 새문안로5길 5-27 (당주동, 당주빌딩) ","02-736-8100","","","11:30~21:00","월요일-토요일","일요일","지하철 5호선 광화문역 8번 출구,  109m","오래가게,고기튀김,한국식중식,중식,종로,짜장면",""
"27812","ko","가원공방","https://korean.visitseoul.net/attractions/가원공방/KOP027812?utm_source=seoulopendata&utm_medium=attractions&utm_content=KOP027812"," 서울 종로구 봉익동 23 ","03138 서울 종로구 돈화문로6나길 45 (봉익동) ","02-814-0250","","http://www.gawoncraft.co.kr/","월요일~금요일 10:30~19:00","평일","주말 정기휴무","지하철 1/3/5호선 종로 3가역 8번 출구,  54m","옥공예, 종로, 전통, 종로귀금속거리,오래가게, 공방, 종로5",""
"38858","ko","가을단풍길(월드컵로)","https://korean.visitseoul.net/attractions/가을단풍길월드컵로/KOP038858?utm_source=seoulopendata&utm_medium=attractions&utm_content=KOP038858"," 서울 마포구 상암동 1730 ","03906 서울 마포구 월드컵로42길 9-1 (가로판매대07) ","","","","","","","","월드컵로가을단풍길,서울가을단풍명소,서울산책하기좋은길,서울산책코스,서울드라이브코스,단풍명소추천,강아지산책코스,월드컵로,서울단풍,가을산책하기좋은길,가을단풍길",""
"18912","ko","가회민화박물관　","https://korean.visitseoul.net/attractions/가회민화박물관/KOP018912?utm_source=seoulopendata&utm_medium=attractions&utm_content=KOP018912","110-260 서울 종로구 가회동 28 ","03056 서울 종로구 북촌로 52 (가회동) 가회민화박물관","02-741-0466","","http://www.gahoemuseum.org/new/","10:00 ~ 18:00  * 관람 시 종료 40분 전까지 입장 * 체험 시 종료 1시간 전까지 입장","화요일 ~ 일요일","월요일 ","지하철 3호선 안국역 2번 출구,  496m"," 전시,북촌, 가회민화박물관,안국역, 전통, 북촌한옥마을,민화, 가회동,부적관계, 광화문,민화박물관, 박물관, 민속품",""
"29715","ko","개미슈퍼","https://korean.visitseoul.net/attractions/개미슈퍼/KOP029715?utm_source=seoulopendata&utm_medium=attractions&utm_content=KOP029715"," 서울 용산구 서계동 39 ","04303 서울 용산구 청파로85길 31 (서계동) ","02-714-3383","","","평일 09:00~01:00","","1, 3번째주 일요일","지하철 1/4호선/공항철도/경의중앙선/GTX-A  서울역 15번 출구,  326m"," 청파동, 서울역, 추억, 마트,슈퍼,오래가게, 외국인명소",""
"44111","ko","갤러리 지우헌","https://korean.visitseoul.net/attractions/GalleryJiwooheon/KOPxj9byw?utm_source=seoulopendata&utm_medium=attractions&utm_content=KOPxj9byw"," 서울 종로구 가회동 31-94 ","03052 서울 종로구 북촌로11라길 13 (가회동) ","0507-1342-7964","","https://www.instagram.com/jiwooheon_dh/","화요일~토요일 10:00~18:00 (휴게시간 12:30~13:30)","","매주 일요일, 월요일, 공휴일","지하철 3호선 안국역 2번 출구,  839m","한옥갤러리,북촌한옥마을,서울우수한옥,삼청동갤러리",""
"2247","ko","갤러리 팩토리","https://korean.visitseoul.net/attractions/대안-공간-팩토리/KOP002247?utm_source=seoulopendata&utm_medium=attractions&utm_content=KOP002247"," 서울 종로구 창성동 127-3 ","03043 서울 종로구 자하문로10길 15 ","02-733-4883","","http://factory483.org","11:00 - 19:00 (전시별상이)","화요일~일요일 ","월요일","지하철 3호선 경복궁역 3번 출구,  459m","예술,갤러리팩토리,전시,상수역,시각예술,광화문,퍼블릭아트,아트숍,팩토리2,경복궁,미술,갤러리,창성동",""
"1872","ko","갤러리 학고재","https://korean.visitseoul.net/attractions/갤러리-학고재/KOP001871?utm_source=seoulopendata&utm_medium=attractions&utm_content=KOP001871"," 서울 종로구 소격동 70","03053 서울특별시 종로구 삼청로 50 (소격동) ","02-720-1524","","http://www.hakgojae.com","10:00~18:00","화요일~일요일","월요일","지하철 3호선 안국역 1번 출구, 751m","갤러리, 북촌, 종로구,소격동, 학고재,안국역,인사동, 삼청동갤러리,문화, 미술관, 북촌갤러리",""
"1694","ko","갤러리 현대","https://korean.visitseoul.net/attractions/갤러리-현대/KOP001694?utm_source=seoulopendata&utm_medium=attractions&utm_content=KOP001694","110-190 서울 종로구 사간동 80 ","03062 서울 종로구 삼청로 14 (사간동, 현대갤러리) ","02-2287-3500","","http://www.galleryhyundai.com/","10:00~18:00","화요일 ~ 일요일","월요일","지하철 3호선 안국역 1번 출구,  595m "," 사간동, 전시, 두가헌, 안국역, 광화문, 미술관,갤러리,경복궁역,갤러리현대, 근현대미술,현대갤러리, 두가헌갤러리",""
"46391","ko","갤러리모순","https://korean.visitseoul.net/attractions/2024-mosoon/KOPxua216?utm_source=seoulopendata&utm_medium=attractions&utm_content=KOPxua216"," 서울 중구 정동 1-28 ","04518 서울 중구 정동길 33 (정동, 신아일보) 203호 ","0507-1436-0433","","https://www.mosoon.co/","12:00~18:00","화요일 ~ 토요일","일요일, 월요일 ","지하철 1/2호선 시청역 12번 출구,  507m","신아기념관,정동,갤러리,정동길,덕수궁돌담길",""
"50409","ko","갤러리조선","https://korean.visitseoul.net/attractions/gallerychosun/KOP5hau1h?utm_source=seoulopendata&utm_medium=attractions&utm_content=KOP5hau1h"," 서울 종로구 소격동 125 ","03053 서울 종로구 북촌로5길 64 (소격동) ","02-723-7133","","https://www.gallerychosun.com/ko/","10:30-18:30","","매주 월요일","지하철 3호선 안국역 2번출구, 582m","삼천동전시,갤러리조선,서울전시,삼청동갤러리,안국역,현대미술,MZ콜렉터",""
"1961","ko","겸재정선미술관","https://korean.visitseoul.net/attractions/겸재정선미술관/KOP001961?utm_source=seoulopendata&utm_medium=attractions&utm_content=KOP001961","157-801 서울 강서구 마곡동 815 ","07522 서울 강서구 양천로47길 36 (가양동, 겸재정선미술관) ","02-2659-2206","","https://culture.gangseo.seoul.kr/gsfc/main/contents.do?menuNo=800054","화요일~금요일 10:00 ~ 18:00 토요일~일요일 10:00 ~ 17:00 ","화요일~일요일 ","- 설, 추석의 전, 후일(명절 당일은 휴관) -어린이날, 삼일절, 광복절, 개천절, 한글날 ","지하철 9호선 양천향교역 1번 출구,  487m","양천향교역, 겸재성선미술관, 영화감상회,문화, 미술관, 가양동, 전시,정선, 서울식물원화가정선",""
"1151","ko","경교장","https://korean.visitseoul.net/attractions/경교장/KOP001151?utm_source=seoulopendata&utm_medium=attractions&utm_content=KOP001151","110-746 서울 종로구 평동 108-1 ","03181 서울 종로구 새문안로 29 (경교장) ","02-735-2038","","https://museum.seoul.go.kr/www/intro/annexIntro/annex_21/annex_21_01.jsp?sso=ok","09:00 ~ 18:00 (17:30까지 입장 가능)","화요일~일요일 ","-월요일 -1월 1일","지하철 5호선 서대문역 4번 출구,  325m"," 백범김구,유적지,임시정부청사, 서대문역, 광화문, 독립문역,경교장, 역사,종로구",""
"46608","ko","경국사 ","https://korean.visitseoul.net/attractions/2024-kgtemple/KOPkxi16h?utm_source=seoulopendata&utm_medium=attractions&utm_content=KOPkxi16h"," 서울 성북구 정릉동 751 ","02705 서울 성북구 보국문로 113-10 (정릉동, 경국사) ","02-914-2828","","https://www.templestay.com/fe/MI000000000000000062/temple/introView.do?templeIdTmp=Kyungguksa","","","","지하철 우이신설선 북한산보국문역 2번 출구,  252m ","절,불교,북한산,삼각산,사찰,경국사",""
"72","ko","경복궁","https://korean.visitseoul.net/attractions/경복궁/KOP000072?utm_source=seoulopendata&utm_medium=attractions&utm_content=KOP000072","110-820 서울 종로구 세종로 1-1 ","03045 서울 종로구 사직로 161 (세종로, 경복궁) ","02-3700-3900","","https://royal.cha.go.kr/ROYAL/contents/menuInfo-gbg.do?grpCode=gbg","1월 ~ 2월 : 09:00~17:00(입장마감 16:00)  3월 ~ 5월 : 09:00~18:00(입장마감 17:00)  6월 ~ 8월 : 09:00~18:30(입장마감 17:30)  9월 ~ 10월 : 09:00~18:00(입장마감 17:00)  11월 ~ 12월 : 09:00~17:00(입장마감 16:00) ※ 기관 사정에 따라 관람시간 단축 및 조정이 있을 수 있습니다.  ","","화요일","지하철 5호선 광화문역 2번 출구,  471m  지하철 3호선 경복궁역 5번 출구,  216m","서울데이트,한국역사적명소,경복궁입장료,서울가볼만한곳,한국문화,한국전통,서울볼거리,서울나들이,경복궁,서울명소,서울궁궐,서울관광지,서울여행","장애인 전용 주차장,접근가능,장애인 안내(휠체어 대여 및 기타),장애인화장실"
"49193","ko","경복궁역 물품보관소","https://korean.visitseoul.net/attractions/LuggageStorage4/KOPddzb15?utm_source=seoulopendata&utm_medium=attractions&utm_content=KOPddzb15"," 서울 종로구 적선동 81-1 ","03170 서울 종로구 사직로 지하 130 (적선동, 3호선 경복궁역) ","","","","","","","","경복궁역 물품보관소",""
"43488","ko","경은상사","https://korean.visitseoul.net/attractions/2023097/KOPhujesr?utm_source=seoulopendata&utm_medium=attractions&utm_content=KOPhujesr"," 서울 종로구 낙원동 288 ","03140 서울 종로구 삼일대로 428 낙원상가 2층 B-282호 ","0507-1341-6464","","http://acousticgt.co.kr/","월요일~토요일 10:00~19:00, 일요일 12:00~18:00","매일","없음","지하철 1/3/5호선 종로3가역 5번 출구,  106m","기타,종각역,일렉기타,오래가게,클래식기타,어쿠스틱기타,베이스기타",""
"20549","ko","경찰박물관","https://korean.visitseoul.net/attractions/경찰박물관/KOP020549?utm_source=seoulopendata&utm_medium=attractions&utm_content=KOP020549","110-062 서울 종로구 행촌동 211-1 ","03166 서울 종로구 송월길 162 ","02-3150-3681	","","www.policemuseum.go.kr	","09:30 ~ 17:30","화~일","월요일(공휴일인 경우 그 다음날), 1월 1일, 설.추석 연휴","지하철 3호선  독립문역 3번 출구,  363m","경찰기념관,서울아이와함께가볼만한곳,어린이와함께,종로가볼만한곳,박물관,경찰,서대문경찰박물관,경찰박물관,어린이체험관,아이와서울여행,서울여행",""
"1159","ko","경희궁","https://korean.visitseoul.net/attractions/경희궁/KOP001159?utm_source=seoulopendata&utm_medium=attractions&utm_content=KOP001159","110-062 서울 종로구 신문로2가 1-126 ","03177 서울 종로구 새문안로 45 (경희궁) ","02-724-0274","","https://museum.seoul.go.kr/www/intro/annexIntro/annex_20/annex_20_01.jsp?sso=ok","09:00 - 18:00","화요일 ~ 일요일","월요일, 1월 1일","지하철 5호선 서대문역 4번 출구,  639m 지하철 5호선 광화문역 7번 출구,  875m","걷기좋은길,서울역사박물관,경희궁산책길,종로산책,서울가볼만한곳,서울5대궁궐,한국궁궐,경희궁,서울궁,고궁투어,서울산책,종로산책길,서울고궁,고궁데이트,종로데이트코스","장애인 전용 주차장"
"51227","ko","경희대학교 서울캠퍼스","https://korean.visitseoul.net/attractions/KyungHeeUniversity/KOPoty0zx?utm_source=seoulopendata&utm_medium=attractions&utm_content=KOPoty0zx"," 서울 동대문구 회기동 1-5 ","02447 서울 동대문구 경희대로 26 (회기동, 경희대학교,경희초,중,고,여자중고등학교) ","02-961-0114","","https://www.khu.ac.kr/kor/user/main/view.do","","","","지하철 1호선/경춘/경의중앙선 회기역 1번출구, 786m","서울캠퍼스,고딕건축양식,경희대학교,경희랜드,회기역,평화의 전당",""
"6957","ko","경희대학교 자연사박물관","https://korean.visitseoul.net/attractions/경희대학교자연사박물관/KOP006957?utm_source=seoulopendata&utm_medium=attractions&utm_content=KOP006957","130-701 서울 동대문구 회기동 1 ","02447 서울특별시 동대문구 경희대로 26 자연사박물관","02-961-0142~3","","http://nhm.khu.ac.kr/","10:00 ~ 17:00","월-금","주말, 공휴일","지하철 1호선 외대앞 1번 출구,  1.1km 지하철 1호선 회기역 1번 출구,  1.2km"," 경희대,회기역,화성암,유물, 유럽산암석, 박물관,외대앞역, 전시,자연사박물관,경희대자연사박물관,퇴작암,경희대학교","장애인 전용 주차장"
"6927","ko","경희대학교 중앙박물관","https://korean.visitseoul.net/attractions/경희대학교-중앙박물관/KOP006924?utm_source=seoulopendata&utm_medium=attractions&utm_content=KOP006924","130-050 서울특별시 동대문구 회기동 1-5 중앙도서관 4층","02447 서울특별시 동대문구 경희대로 26 경희대학교 서울캠퍼스  중앙도서관 4층","02-961-0141","","http://museum.khu.ac.kr","10:00~17:00","월요일~금요일","-주말 -공휴일","지하철 1호선 회기역 1번 출구,  1.1km "," 주먹도끼,중앙도서관, 전시, 경희대, 유물, 경희대학교중앙박물관,회기역,역사,빗살무늬토기,경희대학교, 박물관",""
"6889","ko","경희대학교 한의학역사박물관","https://korean.visitseoul.net/attractions/경희대학교-한의학역사박물관/KOP006886?utm_source=seoulopendata&utm_medium=attractions&utm_content=KOP006886"," 서울 동대문구 회기동 1-5 1","02453 서울 동대문구 경희대로 26-6 (회기동, 경희대학교) ","02-964-3190","","","10:00~16:00","월요일~금요일","-주말 -공휴일","지하철 1호선 회기역 1번 출구,  1.2km","외대앞역,회기역,한의학,역사,박물관,평화의전당,경희대학교,한의학역사박물관,전시",""
"2962","ko","고려대학교 본관 및 구 중앙도서관","https://korean.visitseoul.net/attractions/고려대학교-본관-및-구-중앙도서관/KOP002962?utm_source=seoulopendata&utm_medium=attractions&utm_content=KOP002962","136-701 서울 성북구 안암동5가 1-2 1-2","02841 서울 성북구 안암로 145 (안암동5가, 고려대학교안암캠퍼스) ","02-3290-1114","","https://www.korea.ac.kr/sites/ko/index.do","고려대학교 개방 기간 내","","","지하철 6호선 안암역 2번 출구,  527m","고려대,안암동도서관, 유적지, 성북구, 고려대학교,안암역, 도서관, 고려대역, 역사, 대학교도서관, 해송법학도서관",""
"8646","ko","고려삼계탕","https://korean.visitseoul.net/attractions/고려삼계탕/KOP008646?utm_source=seoulopendata&utm_medium=attractions&utm_content=KOP008646","100-814 서울 중구 서소문동 55-3 ","04516 서울 중구 서소문로11길 1 (서소문동) ","02-752-9376","","http://www.krsamgyetang.com","평일 10:30~21:00, 주말 10:30~20:30","","명절 당일","지하철1 / 2호선 시청역 10번 출구,  100m","전복죽,보양식,서소문맛집,서소문동,고려삼계탕,미슐랭,한식맛집,미쉐린가이드,오골계탕,삼계탕,시청음식점,서소문음식점",""
"46447","ko","고터?세빛 관광안내소","https://korean.visitseoul.net/attractions/2024-Goto?SebitTouristInformationCenter/KOPgrw5c5?utm_source=seoulopendata&utm_medium=attractions&utm_content=KOPgrw5c5"," 서울 서초구 반포동 1 ","06506 서울 서초구 반포대로 333 공공보행통로 내(G2출구~반포한강공원) ","02-536-9472 ","","","11:00 ~ 20:00","","","지하철 3/7/9호선 고속미널역 고투몰 G2출구 ","고속터미널,반포한강공원,관광안내소,고터?세빛 관광안내소",""
"26676","ko","공근혜갤러리","https://korean.visitseoul.net/attractions/공근혜갤러리/KOP026676?utm_source=seoulopendata&utm_medium=attractions&utm_content=KOP026676","110-230 서울 종로구 삼청동 157-78 ","03049 서울 종로구 삼청로7길 38 (삼청동) ","02-738-7776","","https://konggallery.com/","화요일~토요일 10:30~17:30","화요일~토요일","일요일, 월요일","지하철 3호선 안국역 1번 출구,  1.2km 지하철 3호선 경복궁역 5번 출구,  1.5km","화랑,미술관,경복궁,현대미술,청와대,공근혜갤러리,갤러리,삼청동,안국역,사진",""
"26675","ko","공평도시유적전시관","https://korean.visitseoul.net/attractions/공평도시유적전시관/KOP026675?utm_source=seoulopendata&utm_medium=attractions&utm_content=KOP026675"," 서울 종로구 공평동 5-1 ","03161 서울 종로구 우정국로 26 (센트로폴리스 지하 1층) ","02-724-0135","","https://museum.seoul.go.kr/www/intro/annexIntro/annex_gongpyeong/annex_gongpyeong_01.jsp?sso=ok","09:00 - 18:00","화요일~일요일","월요일, 1월 1일","지하철 1호선 종각역 3-1번 출구,  69m","공평도시유적전시관,서울역사박물관,전시관,박물관,유적,관람,문화재,도시박물관,종각역",""
"43441","ko","공항칼국수","https://korean.visitseoul.net/attractions/2023010/KOPtcqlcp?utm_source=seoulopendata&utm_medium=attractions&utm_content=KOPtcqlcp"," 서울 강서구 공항동 49-2 ","07622 서울 강서구 공항대로 18-1 (공항동, 이스카이오피스텔) 지하 1층","02-2664-9748","","","09:30~22:00 (라스트오더 21:20)","매일","없음","지하철 5호선 송정역 4번 출구,  180m ","칼국수,김포공항,오래가게,국물,면요리,한식",""
"27225","ko","광화문 관광안내소","https://korean.visitseoul.net/attractions/광화문-관광안내소/KOP027225?utm_source=seoulopendata&utm_medium=attractions&utm_content=KOP027225","110-822 서울 종로구 세종로 215 동화면세점 앞","03186 서울 종로구 세종대로 145-2 (광화문빌딩) 동화면세점 앞","02-735-8688","","http://www.sta.or.kr","10:00 - 19:00 (토요일 휴관) ","일요일 ~ 금요일","토요일 정기 휴무 설, 추석 당일 휴무","지하철 5호선 광화문역 6번 출구,  2m","여행,안내,안내소,관광안내소,광화문,광화문-관광안내소",""
"1900","ko","광화문광장","https://korean.visitseoul.net/attractions/광화문광장/KOP001899?utm_source=seoulopendata&utm_medium=attractions&utm_content=KOP001899","110-050 서울 종로구 세종로 1-68","03154 서울특별시 종로구 세종대로 172 ","02-120","","http://plaza.seoul.go.kr/gwanghwamun","도심 열린 광장으로 연중 24시간 상시 개방","월요일 ~ 일요일","연중무휴","지하철 5호선 광화문역 2번 출구,  235m","세종문화회관,도시 문화 광장, 이순신, 세종대왕,청계천,광화문광장,광화문, 경복궁","장애인화장실,접근가능"
"49224","ko","광화문역 물품보관소","https://korean.visitseoul.net/attractions/LuggageStorage5/KOPvs2mrw?utm_source=seoulopendata&utm_medium=attractions&utm_content=KOPvs2mrw"," 서울 종로구 세종로 1-68 ","03154 서울 종로구 세종대로 지하 172 (세종로, 5호선 광화문역) ","","","","","","","","광화문역 물품보관소",""
"23605","ko","광희문","https://korean.visitseoul.net/attractions/gwangheemun/KOP023605?utm_source=seoulopendata&utm_medium=attractions&utm_content=KOP023605","100-888 서울 중구 신당동 228-16 ","04612 서울 중구 퇴계로 350 (신당동) ","02-3369-5882","","","24시간","월요일~일요일","연중무휴","지하철 2/ 4/ 5호선 동대문역사문화공원역 3번 출구,  143m"," 도성, 서소문,광희문, 동대문역사문화공원역, 동대문,4소문,서울4소문",""
"3387","ko","구 공업전습소 본관(구 중앙시험소 청사)","https://korean.visitseoul.net/attractions/구-공업전습소-본관구-중앙시험소-청사/KOP003387?utm_source=seoulopendata&utm_medium=attractions&utm_content=KOP003387","110-810 서울 종로구 동숭동 169-1  한국방송통신대학교 역사관","03087 서울 종로구 대학로 86 한국방송통신대학교 역사관","1577-9995","","http://www.knou.ac.kr","한국방송통신대학교 개방일","","","지하철 4호선 혜화역 2번 출구,  237m","혜화역,동대문,방송통신대학교,옛공업전습소본관,경성공업,서울대학교,대한제국,유적지",""
"29767","ko","국궁전시관","https://korean.visitseoul.net/attractions/국궁전시관/KOP029767?utm_source=seoulopendata&utm_medium=attractions&utm_content=KOP029767","03027 서울 종로구 사직동 산1-1 ","03027 서울 종로구 사직로9길 15-32 (사직동) ","02-722-1600","","https://www.jfac.or.kr/site/main/content/kbow01","10:00~17:00","","-월요일  -1월 1일 -설날?추석 당일","지하철 3호선 경복궁역 1번출구,  841m"," 경복궁역,활쏘기,국궁,국궁전시관, 전시관,체험프로그램, 활만들기, 활, 황학정",""
"20550","ko","국립고궁박물관","https://korean.visitseoul.net/attractions/국립고궁박물관-k/KOP020550?utm_source=seoulopendata&utm_medium=attractions&utm_content=KOP020550","110-820 서울 종로구 세종로 1-57 ","03045 서울 종로구 효자로 12 (세종로, 국립고궁박물관) ","02-3701-7500","","http://www.gogung.go.kr/main.do","월?화?목?금?일요일 10:00~18:00 (입장은 마감 1시간 전까지) 수?토요일 10:00~21:00","월요일~일요일","-1월 1일 -설날, 추석 당일","지하철 3호선 경복궁역 5번 출구,  135m","왕실문화, 유물,국립고궁박물관, 문화재,전시, 관광지, 서울관광, 경복궁역, 역사, 박물관","장애인화장실,장애인 전용 주차장,접근가능,장애인 안내(휠체어 대여 및 기타)"
"11897","ko","국립국악박물관","https://korean.visitseoul.net/attractions/국립국악박물관/KOP011893?utm_source=seoulopendata&utm_medium=attractions&utm_content=KOP011893","137-718 서울 서초구 서초동 740-4 ","06757 서울 서초구 남부순환로 2364 ","02-580-3130","","https://www.gugak.go.kr/site/homepage/menu/viewMenu?menuid=001004001001&lang=ko","10:00~18:00 (입장마감 17:30)","화요일~일요일","-월요일 (월요일이 휴일일 경우 정상 운영, 익일 화요일 휴관) -1월 1일 ","지하철 3호선 남부터미널역 5번 출구, 1.2km","전시,국악기,강남,전통음악,남부터미널역,박물관,관광지,내방역,방배역,국립국악박물관,공연,국립국악원",""
"28050","ko","경기떡집","https://korean.visitseoul.net/attractions/경기떡집/KOP028050?utm_source=seoulopendata&utm_medium=attractions&utm_content=KOP028050"," 서울 마포구 망원동 378-7 ","04013 서울 마포구 동교로9길 24 (망원동) ","02-333-8880","","https://www.kricecake.com/","07:00~18:00","월요일~토요일","일요일","지하철 6호선 망원역 2번 출구,  170m","마포,이북식인절미,이티떡,망원동,오래가게,설기",""
"40770","ko","국립기상박물관","https://korean.visitseoul.net/attractions/국립기상박물관-KR/KOP040770?utm_source=seoulopendata&utm_medium=attractions&utm_content=KOP040770"," 서울 종로구 송월동 1-1 ","03178 서울 종로구 송월길 52 (송월동, 국립기상박물관) ","02-2181-0893","","https://science.kma.go.kr/museum","10:00  - 18:00","화요일 - 일요일","매주 월요일, 1월 1일, 설날 및 추석 당일","지하철 5호선 서대문역 4번 출구,  860m","측우대,국립기상박물관,측우기,날씨,100년관측소,가장오래된측우대,벚꽃,단풍,서울기상관측소,경희궁,한양도성","장애인화장실,장애인 전용 주차장,접근가능,장애인 안내(휠체어 대여 및 기타)"
"1647","ko","국립민속박물관","https://korean.visitseoul.net/attractions/국립민속박물관/KOP001644?utm_source=seoulopendata&utm_medium=attractions&utm_content=KOP001644","110-820 서울 종로구 세종로 1-1 1-1","03045 서울 종로구 삼청로 37 (세종로, 국립민속박물관) ","02-3704-3114","","http://www.nfm.go.kr","3-10월 9:00 ~ 18:00 (17:00까지 입장) 11-2월 9:00 ~ 17:00 (16:00 까지 입장) 야간연장개관 3~10월 매주 토요일 09:00~20:00 (11월~2월 야간연장 미운영) ","월~일","- 매년 1월1일  - 설, 추석 당일","지하철 3호선 안국역 2번 출구, 780m","박물관, 추억의거리,역사,국립민속박물관,광화문,삼청동, 인사동, 생활문화,경복궁, 시티투어버스정류장","장애인화장실,장애인 전용 주차장,접근가능,장애인 안내(휠체어 대여 및 기타)"
"1965","ko","국립서울현충원","https://korean.visitseoul.net/attractions/국립현충원/KOP001965?utm_source=seoulopendata&utm_medium=attractions&utm_content=KOP001965","156-080 서울 동작구 사당2동 산 41-2 ","06984 서울 동작구 현충로 210 (동작동, 국립현충원) ","1522-1555","","https://www.mpva.go.kr/snmb/www/index.do","06:00 ~ 18:00 (정문.동문.통문 5개소) 09:00 ~ 18:00 (업무 시설 개방 시간)","매일","11월 공휴일, 12~2월 토요일.공휴일은 전시관 휴관","지하철 4/9호선 동작역 8번 출구,  62m","현충원둘레길,역사,현충원,현충일,서울단풍명소,유적지,서울현충원,서울가을단풍,가을단풍,국립서울현충원,호국보훈의달,서울가볼만한곳",""
"11012","ko","국립중앙도서관","https://korean.visitseoul.net/attractions/국립중앙도서관/KOP011010?utm_source=seoulopendata&utm_medium=attractions&utm_content=KOP011010"," 서울특별시 서초구 반포4동 산 60-1","06579 서울특별시 서초구 반포대로 201 (반포동) ","02-590-0500","","http://www.nl.go.kr","주간이용: 09:00~18:00 야간이용: 18:00~21:00 (자료실 별 이용시간 상이) ","월~일","- 정기 휴관: 매월 둘째?넷째 월요일 - 일요일을 제외한 관광서의 공휴일 (※ 설 연휴와 추석 연휴 기간 중의 일요일은 휴관, 야관도서관은 토, 일 휴무) - 기타 관장이 필요하다고 인정하는 날","지하철 3 / 7 / 9호선 고속터미널역 5번 출구, 812m 지하철 2호선 서초역 6번 출구, 771m","서초역, 도서관, 강남,디지털도서관,문화, 고속버스터미널역,서초공원, 지적문화유산, 국립중앙도서관,반포동",""
"433","ko","국립중앙박물관","https://korean.visitseoul.net/attractions/국립중앙박물관/KOP000433?utm_source=seoulopendata&utm_medium=attractions&utm_content=KOP000433","140-797 서울 용산구 용산동6가 168-6 ","04383 서울 용산구 서빙고로 137 (국립중앙박물관) ","02-2077-9000","","http://www.museum.go.kr/site/main/home","월, 화, 목, 금, 일요일 : 10:00 - 18:00  수, 토요일 : 10:00 - 21:00  옥외 전시장(정원)은 오전 7시부터 오후 10시까지 관람 가능 ","","1월1일, 설날, 추석  상설전시실 정기휴실일 : 매년 4, 11월 첫째 월요일 상설전시관 내 특별전시실 2 휴실 특별전시실 1(특별전시 미운영시 휴실), 야외전시장은 정상 개관","지하철 4호선/ 경의중앙선 이촌역 2번 출구,  309m"," 역사,유물,국립중앙,용산구,국립,관람,어린이박물관,이촌역, 국립중앙박물관,시티투어버스, 박물관","장애인화장실,장애인 전용 주차장,접근가능,엘리베이터,장애인 안내(휠체어 대여 및 기타)"
"47060","ko","경복궁 집옥재","https://korean.visitseoul.net/attractions/2024-Jibokjae/KOPfk9nxi?utm_source=seoulopendata&utm_medium=attractions&utm_content=KOPfk9nxi"," 서울 종로구 세종로 1-1 ","03045 서울 종로구 사직로 161 (세종로, 경복궁) ","070-7795-4309","","","10:00 ~ 16:00","수요일~월요일","화요일 휴무","지하철 3호선 경복궁역 5번 출구,  1.1km","청와대,도서관,광화문,경복궁,집옥재",""
"20547","ko","국립중앙박물관 어린이박물관","https://korean.visitseoul.net/attractions/국립중앙박물관-어린이박물관/KOP020547?utm_source=seoulopendata&utm_medium=attractions&utm_content=KOP020547","140-797 서울 용산구 용산동6가 168-6 ","04383 서울 용산구 서빙고로 137 (용산동6가, 국립중앙박물관) ","02-2077-9647","","https://www.museum.go.kr/CHILD/main/index.do","10:00~17:50 (매월 마지막 주 수요일만 야간개장 18:00~21:00)","","-1월 1일 -설날, 추석 당일 -기타 국립중앙박물관장이 지정한 날","지하철 4호선/ 경의중앙선 이촌역 2번 출구,  308m","박물관,전시,관광지,어린이박물관,국립중앙박물관,유물,이촌역,문화재,관람",""
"35405","ko","국립한글박물관 ","https://korean.visitseoul.net/attractions/한글박물관/KOP035405?utm_source=seoulopendata&utm_medium=attractions&utm_content=KOP035405"," 서울 용산구 용산동6가 168-6 ","04383 서울 용산구 서빙고로 139 (용산동6가, 국립한글박물관) ","02-2124-6200","","https://www.hangeul.go.kr/main.do","월요일 - 일요일   ","10:00 - 18:00","1월 1일, 설날 당일, 추석 당일 * 한글도서관 휴관일: 토요일, 일요일, 공휴일(한글날 제외)","지하철 4호선/경의중앙선 이촌역 2번 출구,  500m","한글박물관,세종대왕,국립한글박물관,한글, 훈민정음","장애인화장실,장애인 전용 주차장,접근가능,엘리베이터,장애인 안내(휠체어 대여 및 기타)"
"38021","ko","국립항공박물관	","https://korean.visitseoul.net/attractions/국립항공박물관/KOP038021?utm_source=seoulopendata&utm_medium=attractions&utm_content=KOP038021"," 서울 강서구 공항동 1373-5 ","07505 서울 강서구 하늘길 177 (공항동, 국립항공박물관) ","02-6940-3198(9)	","","https://www.aviation.or.kr/index.do	","10:00 ~ 18:00    ※ 1월 1일, 설?추석 당일 휴관 (단, 월요일이 공휴일인 경우에는 월요일 당일 개관 후 다음날 평일이 휴관)","화~일","월요일","지하철 5/9호선/공항철도/서해선/김포골드선  김포공항역 4번 출구,   988m","김포-공항,비행기,항공,박물관,국립항공박물관,항공박물관,museum,국립박물관,비행기박물관",""
"1708","ko","국립현대미술관 덕수궁관","https://korean.visitseoul.net/attractions/국립현대미술관-덕수궁관/KOP001707?utm_source=seoulopendata&utm_medium=attractions&utm_content=KOP001707","100-120 서울 중구 정동 5-1 덕수궁 석조전 서관","04519 서울특별시 중구 세종대로 99 (정동) ","02-2022-0600","","http://www.mmca.go.kr/","화요일, 목요일, 금요일, 일요일 10:00~18:00  수요일, 토요일 야간개장 10:00~21:00","화요일~일요일","월요일 ","지하철 1호선 시청역 1번 출구,  72m","현대미술,예술, 덕수궁돌담길, 미술관, 국립현대미술관, 덕수궁관, 서울광장, 정동길, 관광지, 문화, 전시,대한문, 덕수궁미술관",""
"11659","ko","국립현대미술관 서울관","https://korean.visitseoul.net/attractions/국립현대미술관-서울관/KOP011658?utm_source=seoulopendata&utm_medium=attractions&utm_content=KOP011658","110-200 서울 종로구 소격동 165 165","03062 서울 종로구 삼청로 30 (소격동) ","02-3701-9500","","http://www.mmca.go.kr/","월요일, 화요일, 목요일, 금요일, 일요일 : 10:00 ~ 18:00 수요일, 토요일 : 10:00 ~ 21:00 (18:00 ~ 21:00 야간개장) * 발권시간 : 관람종료 1시간 전까지 가능","월요일~일요일","1월1일, 설날, 추석","지하철 3호선 안국역 1번 출구,  764m","복합문화예술센터,광화문,국립현대미술관,현대미술,안국역,소격동, 전시,삼청동,미술관,문화의거리","장애인화장실,장애인 전용 주차장,접근가능,엘리베이터,장애인 안내(휠체어 대여 및 기타)"
"16792","ko","국립현대미술관 서울관 갤러리아트존","https://korean.visitseoul.net/attractions/국립현대미술관-서울관-갤러리아트존/KOP016792?utm_source=seoulopendata&utm_medium=attractions&utm_content=KOP016792","110-200 서울 종로구 소격동 165 국립현대미술관 ","03062 서울 종로구 삼청로 30 (소격동) 국립현대미술관 ","02-3701-9870","","http://www.mmca.go.kr/","화요일, 목요일, 금요일, 일요일 : 오전 10시 ~ 오후 6시 금요일, 토요일 : 오전 10시 ~ 오후 9시 (야간개장 오후 6시~ 9시 무료관람)","월요일 ~ 일요일","-월요일  -1월1일 -설날, 추석","지하철 3호선 안국역 1번 출구,  764m"," 갤러리, 현대자동차,광화문,미술관,아트콜라보레이션,아트, 예술,안국역, 전시, 국립현대미술관, 갤러리아트존,소격동",""
"3241","ko","국제갤러리","https://korean.visitseoul.net/attractions/국제갤러리/KOP003241?utm_source=seoulopendata&utm_medium=attractions&utm_content=KOP003241","100-200 서울시 종로구 소격동 48 ","03053 서울특별시 종로구 삼청로 54  (소격동) ","02-735-8449","","https://www.kukjegallery.com/","월요일~토요일 10:00~18:00 일요일?공휴일 10:00~17:00","월요일~일요일","","지하철  3호선 안국역 1번 출구,  812m","전시,광화문, 작가발굴, 국제갤러리, 광화문역, 더레스토랑,문화, 현대미술, 미술관,경복궁역, 안국역, 갤러리",""
"5765","ko","국회의사당","https://korean.visitseoul.net/attractions/국회의사당/KOP005763?utm_source=seoulopendata&utm_medium=attractions&utm_content=KOP005763","150-701 서울시 영등포구 여의도동 1 ","07233 서울특별시 영등포구 의사당대로 1  (여의도동) ","02-6788-2114","","http://www.assembly.go.kr","평일 10:00 ~ 17:00 (10시, 11시, 14시, 15시, 16시, 17시 총 6회 입장가능 *1회 최대 150명) 토요일 10:00 ~ 12:00 (10시, 11시, 12시 총 3회 입장가능 *1회 최대 150명) ","월요일 ~ 토요일","일요일, 공휴일, 근로자의 날(5.1), 국회개원기념일(5.31)","지하철 9호선 국회의사당역 1번 출구,  438m"," 국회의사당역, 국회의사당, 민주주의,역사,의원회관, 여의도,국회참관, 국회도서관,국회,인권","장애인화장실,장애인 전용 주차장,접근가능,엘리베이터,장애인 안내(휠체어 대여 및 기타)"
"24613","ko","그라운드서울","https://korean.visitseoul.net/attractions/2024-groundseoul/KOP024613?utm_source=seoulopendata&utm_medium=attractions&utm_content=KOP024613","110-170 서울 종로구 견지동 85-24 ","03145 서울 종로구 인사동9길 26 ","0507-1303-5760","","http://www.groundseoul.com/","11:00~18:00","전시별 상이","전시별 상이","지하철 1호선 종각역 3-1번 출구,  301m","전시,미술관,갤러리,인사동,광화문,화랑",""
"27105","ko","근현대사기념관","https://korean.visitseoul.net/attractions/근현대사기념관/KOP027105?utm_source=seoulopendata&utm_medium=attractions&utm_content=KOP027105"," 서울 강북구 수유동 산 73-23 ","01013 서울 강북구 4.19로 114 (수유동) 근현대사기념관","02-903-7580","","http://www.mhmh.or.kr/","09:00~18:00 (마감 30분 전까지 입장)","","-월요일 (월요일이 공휴일인 경우 개관하고, 다음 평일에 휴관) -1월 1일 -설날, 추석 연휴 -강북구청이 지정한 날","지하철 4호선 수유역 4번 출구,  (마을) 강북 01번 승차 ? 신성빌라 정류장 하차 ","초대길,순국선열,강북구, 민주주의,독립운동,수유역, 근현대사기념관",""
"3100","ko","금호미술관","https://korean.visitseoul.net/attractions/금호미술관/KOP003100?utm_source=seoulopendata&utm_medium=attractions&utm_content=KOP003100","110-190 서울 종로구 사간동 78 78","03062 서울 종로구 삼청로 18 (사간동, 금호미술관) ","02-720-5114","","http://www.kumhomuseum.com","10:00 ~ 18:00 (17:30 입장 제한) ","화요일~일요일","월요일","지하철 3호선 안국역 1번 출구,  620m","경복궁역,미술관,금호미술관, 광화문역, 예술, 안국역, 광화문,전시, 문화, 경복궁, 금호갤러리콘서트,금호아카데미",""
"3256","ko","길상사","https://korean.visitseoul.net/attractions/길상사/KOP003255?utm_source=seoulopendata&utm_medium=attractions&utm_content=KOP003255","136-022 서울 성북구 성북동 321-3 ","02839 서울특별시 성북구 선잠로5길 68 (성북동)   ","02-3672-5945","","http://www.kilsangsa.info/home/default_in.asp","대중법회 및 연중기도 일정에 따라 이용 시간에 차이가 있음","연중무휴","","지하철 4호선 한성대입구역 6번 출구,  성북02번 버스환승 후 길상사 하차","서울사찰,길상사,서울벚꽃, 템플스테이,절,수련,침묵의집,성북동,한성대입구역,법정스님,종교","장애인화장실"
"2066","ko","김종영 미술관","https://korean.visitseoul.net/attractions/コンラッド·スパ/KOP002066?utm_source=seoulopendata&utm_medium=attractions&utm_content=KOP002066","110-848 서울 종로구 평창동 114-8","03004 서울특별시 종로구 평창32길 30  (평창동) ","02-3217-6484","","http://www.kimchongyung.com","3월 - 10월 10:00~18:00  12월 - 2월 10:00~17:00   카페 사미루 운영시간 11:00-21:00 (매주 월요일 휴무)","화요일~일요일","월요일","지하철 3호선 경복궁역 3번 출구, 1711버스 탑승 후 롯데아파트 하차,  365m"," 갤러리,김종영미술관, 경복궁역, 광화문역, 평창동, 문화, 길음역, 미술관,전시,김종영,현대조각",""
"42446","ko","김중업 건축문화의집","https://korean.visitseoul.net/attractions/김중업-건축문화의집/KOP042446?utm_source=seoulopendata&utm_medium=attractions&utm_content=KOP042446"," 서울 성북구 장위동 230-49 ","02755 서울 성북구 장위로21나길 11 (장위동) ","02-6906-3136","","","화요일 ~ 토요일 10:00 ~ 17:00","","매주 일요일, 월요일 휴관","지하철 6호선 돌곶이역 2번 출구,  1.5km","정원,서울미래유산,김중업-건축문화의집,성북문화재단,전시,도시재생",""
"16319","ko","광화문광장 야경","https://korean.visitseoul.net/attractions/광화문광장의-밤/KOP016319?utm_source=seoulopendata&utm_medium=attractions&utm_content=KOP016319"," 서울 종로구 세종로 1-68 ","03154 서울 종로구 세종대로 지하 172  ","02-120","","http://plaza.seoul.go.kr/gwanghwamun","도심 열린 광장으로 연중 24시간 상시 개방","월~일","연중무휴","지하철 5호선 광화문역 2번 출구,  235m"," 광장,야경, 세종대왕, 문화,역사,광화문광장,광화문, 청계천,이순신",""
"6614","ko","나폴레옹과자점","https://korean.visitseoul.net/attractions/나폴레옹/KOP006613?utm_source=seoulopendata&utm_medium=attractions&utm_content=KOP006613"," 서울 성북구 성북동1가 35-5 ","02880 서울 성북구 성북로 7 ","02-742-7421","","napoleonbakery.co.kr","09:00~21:00","매일","없음","지하철 4호선 한성대입구역 5번 출구,  40m "," 케이크, 대학로,빵, 제과점,오래가게, 서울미래유산, 성북동,서울3대빵집",""
"26190","ko","낙원떡집","https://korean.visitseoul.net/attractions/낙원떡집/KOP026190?utm_source=seoulopendata&utm_medium=attractions&utm_content=KOP026190"," 서울 종로구 낙원동 9 ","03132 서울 종로구 삼일대로 438 (낙원동) ","02-732-5579","","","08:00~21:00","매일","없음","지하철 1/3/5호선 종로3가역 5번 출구,  202m","쑥떡,종로3가,두텁떡,호박설기,오색경단,쑥인절미,떡집,오래가게,서울미래유산",""
"27219","ko","남대문시장 관광안내소","https://korean.visitseoul.net/attractions/남대문시장-관광안내소/KOP027219?utm_source=seoulopendata&utm_medium=attractions&utm_content=KOP027219","100-804 서울 중구 남창동 64-18 ","04528 서울 중구 남대문로4가 20-9 앞 도보 ","+82-2-752-1913","","http://www.sta.or.kr","10:00~19:00 (KST)","","","지하철 4호선 회현역 5번 출구,  80m","남대문,남대문시장,안내소,여행,안내,남대문시장-관광안내소,관광안내소",""
"36","ko","남산서울타워 ","https://korean.visitseoul.net/attractions/남산서울타워/KOP000036?utm_source=seoulopendata&utm_medium=attractions&utm_content=KOP000036","140-022 서울 용산구 용산동2가 산 1-3 ","04340 서울 용산구 남산공원길 105 (용산동2가, YTN서울타워) ","02-3455-9277","","http://www.seoultower.co.kr/","평일 10:00-22:30,  주말 10:00~23:00 * 마감시간 30분 전까지 입장 가능 * 레스토랑 운영시간은 매장마다 상이하므로 홈페이지 참고","매일","연중무휴","지하처 3/ 4호선 충무로역 2번출구,   01번(남산순환) 탑승, '남산서울타워' 정류장 하차,  357m 지하철  3호선 동대입구역  6번출구,  01번(남산순환) 탑승, '남산서울타워' 정류장 하차,  357m   ","전망,서울야경,서울데이트,남산타워전망대,야경,서울야경명소,남산타워,전망대,서울데이트장소,N서울타워,남산서울타워,명동,남산,케이블카","장애인화장실,접근가능,엘리베이터,장애인 안내(휠체어 대여 및 기타)"
"35015","ko","남산케이블카","https://korean.visitseoul.net/attractions/남산케이블카/KOP035015?utm_source=seoulopendata&utm_medium=attractions&utm_content=KOP035015"," 서울 중구 회현동1가 산 1-19 ","04630 서울 중구 소파로 83 (회현동1가, 남산케이블카) ","02-753-2403","","http://www.cablecar.co.kr/","10:00 ~ 23:00","매일 ","","지하철 4호선 명동역 4번 출구,  571m","남산전망대,서울,야경,N서울타워,서울구경,서울투어,남산타워,남산케이블카,서울야경,서울구경,서울여행,남산타워전망대,가족나들이,남산","장애인화장실,장애인 전용 주차장,접근가능,엘리베이터,장애인 안내(휠체어 대여 및 기타)"
"50532","ko","넷마블게임박물관","https://korean.visitseoul.net/attractions/netmarble-game-museum/KOP6eo011?utm_source=seoulopendata&utm_medium=attractions&utm_content=KOP6eo011"," 서울 구로구 구로동 832 ","08393 서울 구로구 디지털로26길 38 3층 ","1566-6744","","https://netmarblegamemuseum.org/ko","10:00-18:00","","매주 월요일","지하철 2호선 구로디지털단지역 2번출구, 847m","넷마블게임박물관,넷마블,체험형박물관,서울박물관,게임전시,게임박물관",""
"48454","ko","녹사평 육교","https://korean.visitseoul.net/attractions/noksapyeongoverpass/KOPuqpj4a?utm_source=seoulopendata&utm_medium=attractions&utm_content=KOPuqpj4a"," 서울 용산구 용산동4가 4 ","04353 서울 용산구 녹사평대로 지하 195 (용산동4가, 6호선 녹사평역) ","","","","","","","지하철 6호선 녹사평역 3번 출구,  56m","녹사평역사진스팟,이태원클라쓰,드라마촬영지",""
"5134","ko","국립어린이민속박물관","https://korean.visitseoul.net/attractions/국립어린이민속박물관/KOP005130?utm_source=seoulopendata&utm_medium=attractions&utm_content=KOP005130","110-820 서울 종로구 세종로 1-1 ","03045 서울 종로구 삼청로 37 (세종로, 국립민속박물관) ","02-3704-3014","","https://www.nfm.go.kr/kids"," 09:30 ~ 17:00","월~일","-1월 1일 -설, 추석","지하철 3호선 안국역 1번 출구, 884m","어린이박물관,역사, 국립민속박물관, 추억의거리, 전통문화, 광화문, 안국역, 국립어린이민속박물관,밥상지교,박물관",""
"43452","ko","다락","https://korean.visitseoul.net/attractions/2023--028/KOPyubahz?utm_source=seoulopendata&utm_medium=attractions&utm_content=KOPyubahz"," 서울 마포구 도화동 340 ","04172 서울 마포구 도화2길 8 (도화동, 에어몰 빌딩) ","02-706-0519","","","09:30~22:00","매일","매달 1, 3번째 일요일 정기휴무","지하철 5호선 마포역 3번 출구,  297m","분식,공덕,마포떡볶이골목,볶음밥,즉석떡볶이,오래가게",""
"5018","ko","대각사","https://korean.visitseoul.net/attractions/대각사-kr/KOP005015?utm_source=seoulopendata&utm_medium=attractions&utm_content=KOP005015","110-390 서울 종로구 봉익동 2 ","03134 서울 종로구 율곡로10길 87 (대각사) ","02-744-4502","","http://daegaksa.kr/ ","일출 시 ~ 일몰 시","월요일 ~ 일요일","연중무휴","지하철 1/3/5호선 종로3가역 8번 출구,  139m","종로 3가역, 사찰, 종교, 대각사,창덕궁,서울사찰,절, 용성스님,  불교, 대각회, 종로사찰",""
"2030","ko","대한성공회서울주교좌성당(서울성공회성당)","https://korean.visitseoul.net/attractions/대한성공회서울주교좌성당서울성공회성당/KOP002030?utm_source=seoulopendata&utm_medium=attractions&utm_content=KOP002030"," 서울 중구 정동 3 ","04519 서울특별시 중구 세종대로21길 15 (정동) ","02-730-6611","","http://www.cathedral.or.kr","평일 11:00 ~16:00 통화가능시간: 화요일 ~ 일요일 (09:00 ~ 18:00)","월요일 ~ 토요일","일요일에는 예배만 가능","지하철 1 / 2호선 시청역 3번 출구,  195m","천주교,서울주교좌성당,시청역,대한성공회, 덕수궁돌담길,광화문, 광화문역",""
"1789","ko","도산공원","https://korean.visitseoul.net/attractions/도산공원/KOP001789?utm_source=seoulopendata&utm_medium=attractions&utm_content=KOP001789","135-896 서울 강남구 신사동 649-9 ","06020 서울 강남구 도산대로45길 20 (도산전시관) ","","","","24시간 개방 * 도산 안창호 기념관 매일 10:00 ~ 18:00","월요일 ~ 일요일 ","도산 안창호 기념관 1월 1일, 명절 연휴 휴무 ","지하철 3호선 압구정역 3번 출구, 882m"," 도산안창호,강남, 압구정역, 전시,도산공원,안창호,공원,기념관","장애인화장실,접근가능"
"23759","ko","돈의문 터(옛 서대문)","https://korean.visitseoul.net/attractions/돈의문-터옛-서대문/KOP023759?utm_source=seoulopendata&utm_medium=attractions&utm_content=KOP023759","  ","03178 서울 종로구 신문로2가 170 ","","","","24시간","","연중무휴","지하철 5호선 서대문역 4번 출구,  262m","한양도성순성길,서전문,서대문역,서대문,돈의문박물관마을,문화유산,성곽길,돈의문,도성,국내여행,서울가볼만한곳,광화문,사대문,새문",""
"29381","ko","돈의문역사관","https://korean.visitseoul.net/attractions/돈의문전시관/KOP029381?utm_source=seoulopendata&utm_medium=attractions&utm_content=KOP029381","110-062 서울 종로구 신문로2가 170 ","03178 서울 종로구 새문안로 35-54 (신문로2가) ","02-724-0271","","https://museum.seoul.go.kr/www/intro/annexIntro/annex_donuimoon/annex_donuimoon_01.jsp?sso=ok","09:00 ~ 18:00 (입장마감 17:30)","화요일~일요일"," 25년 9월부터 26년4월 30일까지 휴관","지하철 5호선 서대문역 4번 출구,  400m ","경희궁, 유적,한정, 돈의문역사관,돈의문, 아지오, 돈의문박물관마을, 사진갤러리, 서대문역,역사, 새문안로,문화공간",""
"46889","ko","광성유통","https://korean.visitseoul.net/attractions/GwangseongUtong/KOPhs5npl?utm_source=seoulopendata&utm_medium=attractions&utm_content=KOPhs5npl"," 서울 동대문구 제기동 996 1층 광성유통","02571 서울 동대문구 고산자로36길 30 (제기동) 1층 광성유통","0507-1305-4581","","","매일 06:00~20:00","","","지하철 1호선/경의중앙선/경춘선/수인분당선  청량리역 6번 출구,  374m","청량리,온라인쇼핑,오래가게,견과류",""
"50797","ko","굴다리식당 ","https://korean.visitseoul.net/attractions/Guldari/KOPvroqkg?utm_source=seoulopendata&utm_medium=attractions&utm_content=KOPvroqkg"," 서울 마포구 도화동 181-45 ","04168 서울 마포구 새창로 8-1 (도화동) ","02-715-1234","","","9:00~22:00","매일","","지하철 5호선 공덕역 8번 출구, 316m","제육볶음,노포,굴다리,마포,공덕,오래가게,김치찌개,계란말이",""
"27472","ko","돌 레코드","https://korean.visitseoul.net/attractions/돌-레코드/KOP027472?utm_source=seoulopendata&utm_medium=attractions&utm_content=KOP027472"," 서울 중구 황학동 41 ","04571 서울 중구 마장로9길 49-29 ","02-2235-7130","","","10:00~21:00","매일","없음","지하철 1/6호선 동묘?역 5번 출구,  400m"," 레코드, CD, 테이프, 중고, LP판, LD판,오래가게",""
"24679","ko","동대문디자인플라자 (DDP)","https://korean.visitseoul.net/attractions/Dongdaemun-Design-Plaza-kr/KOP024679?utm_source=seoulopendata&utm_medium=attractions&utm_content=KOP024679","100-197 서울 중구 을지로7가 2-1 ","04566 서울 중구 을지로 281 (을지로7가, 디자인장터) ","02-2153-0000","","https://ddp.or.kr/","10:00 ~ 20:00 (공간별 운영시간 상이, 홈페이지 참조)","매일","","지하철2/4/5호선 동대문역사문화공원역 1번 출구,  37m","서울볼거리,동대문디자인플라자,서울명소,서울복합문화공간,서울데이트코스,서울DDP,서울놀거리,서울동대문역사문화공원역,DDP","장애인 전용 주차장,접근가능,장애인 안내(휠체어 대여 및 기타),엘리베이터,장애인화장실"
"26206","ko","동대문역사관 상설전시실 재개관","https://korean.visitseoul.net/attractions/동대문역사관/KOP026206?utm_source=seoulopendata&utm_medium=attractions&utm_content=KOP026206","100-197 서울 중구 을지로7가 2-1 ","04566 서울 중구 을지로 281 (을지로7가, 2-1) 동대문역사공원 내 동대문역사관","+82-2-2153-0200","","https://www.ddp.or.kr/?menuno=303","10:00~18:00","행사기간 담당자 문의","월요일","지하철 2/4/5호선  동대문역사문화공원역 1번 출구,  356m","유물,동대문,동대문역사관,동대문역사문화공원,박물관,서울역사박물관,상설전시실,전시,전시회",""
"49246","ko","동대문역사문화공원역 물품보관소","https://korean.visitseoul.net/attractions/LuggageStorage8/KOPzawceg?utm_source=seoulopendata&utm_medium=attractions&utm_content=KOPzawceg"," 서울 중구 을지로7가 112-3 ","04566 서울 중구 을지로 지하 279 (을지로7가, 동대문역사문화공원역 2호선) ","","","","","","","","동대문역사문화공원역 물품보관소",""
"2039","ko","떡박물관","https://korean.visitseoul.net/attractions/떡박물관/KOP002037?utm_source=seoulopendata&utm_medium=attractions&utm_content=KOP002037","110-360 서울 종로구 와룡동 164-2 ","03132 서울 종로구 돈화문로 71 (와룡동, 떡박물관) ","02-741-5447","","http://www.tkmuseum.or.kr","월~토요일(10:00~18:00) (17시 30분까지 입장완료) ","","-일요일 -설, 추석 당일","지하철 1/ 3/ 5호선 종로3가역 7번 출구,  286m "," 종로3가역, 전통식문화체험, 전통음식, 박물관, 체험관,떡만들기체험, 떡박물관, 전통, 한국전통음식연구소, 전통체험, 떡카페",""
"11702","ko","라칸티나 ","https://korean.visitseoul.net/attractions/라칸티나/KOP011702?utm_source=seoulopendata&utm_medium=attractions&utm_content=KOP011702","100-842 서울 중구 을지로1가 50 삼성빌딩 지하 1층","04523 서울 중구 을지로 19 (을지로1가, 삼성빌딩) 삼성빌딩 지하 1층","02-777-2579","","","월~토 11:30 ~ 15:00 / 17:00 ~ 22:00 공휴일 17:00 ~ 22:00","","매주 일요일","지하철 2호선 을지로입구역 1-1번 출구,  100m","이탈리안레스토랑,을지로음식점,을지로입구역, 을지로맛집, 파스타맛집, 시청맛집, 시청음식점, 스파게티,라칸티나",""
"5815","ko","롯데월드 민속박물관","https://korean.visitseoul.net/attractions/롯데월드-민속박물관/KOP005815?utm_source=seoulopendata&utm_medium=attractions&utm_content=KOP005815","138-721 서울 송파구 잠실동 40-1 서울 송파구 잠실동 40-1","05554 서울 송파구 올림픽로 240 (잠실동, 롯데월드) ","1661-2000","","http://www.lotteworld.com/museum/","평일 11:00 - 19:00(입장 및 매표 마감시간 18:30) 주말 11:00 - 20:00(입장 및 매표 마감시간 19:00)","월요일 ~ 일요일","","지하철 2 / 8호선 잠실역 2번출구, 144m","박물관, 전시, 궁중의례, 전통공예품,잠실, 민속식당가,전통,롯데월드민속박물관, 전통음식, 잠실역,어린이박물관","장애인 전용 주차장,접근가능,엘리베이터,장애인 안내(휠체어 대여 및 기타),장애인화장실"
"47055","ko","경복궁 돌담길 ","https://korean.visitseoul.net/attractions/2024-gbgstonewall/KOPldz98j?utm_source=seoulopendata&utm_medium=attractions&utm_content=KOPldz98j"," 서울 종로구 세종로 1-1 ","03045 서울 종로구 사직로 161 (세종로, 경복궁) ","","","","","","","지하철 3호선 경복궁역 4번 출구,  430m ","종로,경복궁돌담길,광화문,돌담길,북촌,서촌,청와대,경복궁",""
"42288","ko","그래픽","https://korean.visitseoul.net/attractions/그래픽/KOP042288?utm_source=seoulopendata&utm_medium=attractions&utm_content=KOP042288"," 서울 용산구 이태원동 258-166 ","04344 서울 용산구 회나무로39길 33 (이태원동) ","070-4070-0204","","https://www.instagram.com/graphic.fan/","화요일 ~ 금요일 13:00~23:00 토요일, 일요일 11:00~23:00  ","","매주 월요일 휴무","지하철 6호선 이태원역 2번 출구,  1.2km","북카페,만화카페,서점,이태원,그래픽,어른전용서점,해방촌",""
"21278","ko","롯데월드타워","https://korean.visitseoul.net/attractions/롯데월드타워/KOP021278?utm_source=seoulopendata&utm_medium=attractions&utm_content=KOP021278","138-240 서울 송파구 신천동 29 ","05551 서울 송파구 올림픽로 300 (신천동) ","02-3213-5000","","http://www.lwt.co.kr/","매일 09:00 - 20:30 롯데면세점, 연중 무휴 매일 10:00 - 23:00 롯데마트, 격주 일요일 휴무 매일 10:00 - 20:00 롯데아쿠아리움, 연중 무휴 매일 10:30 - 20:00 에비뉴엘, 월 1회 정기 휴무 매일 10:30 - 22:00 쇼핑몰, 연중 무휴  서울스카이 평일 10:30 - 22:00 (월~목요일, 일요일) 주말 10:30 - 23:00 (금, 토, 공휴일 前일) ※시설별 상이 (홈페이지 참조)","월~일","연중무휴 ","지하철 2/8호선 잠실역 2번 출구,  29m ","백화점,아쿠아리움, 면세점,서울스카이,전망대,롯데월드타워,잠실, 롯데월드","장애인화장실,장애인 전용 주차장,접근가능,엘리베이터,장애인 안내(휠체어 대여 및 기타)"
"1232","ko","리움 미술관 ","https://korean.visitseoul.net/attractions/삼성미술관-리움/KOP001232?utm_source=seoulopendata&utm_medium=attractions&utm_content=KOP001232","140-893 서울 용산구 한남동 742-1 ","04348 서울 용산구 이태원로55길 60-16 (한남동) ","02-2014-6900","","https://www.leeumhoam.org/ ","10:00 ~ 18:00 (매표마감 17:30)","화요일 ~ 일요일","-월요일 -1월 1일 -설 연휴 -추석 연휴","지하철  6호선 한강진역 1번 출구,  399m","한남동,한강진역,삼성미술관리움,한남동미술관,이태원,미술관,문화,예술체험,삼성리움,리움미술관,갤러리","장애인 전용 주차장,접근가능,엘리베이터,장애인 안내(휠체어 대여 및 기타),장애인화장실"
"46875","ko","마복림 할머니집","https://korean.visitseoul.net/attractions/MabongnimHalmeonijip/KOP8wjib6?utm_source=seoulopendata&utm_medium=attractions&utm_content=KOP8wjib6"," 서울 중구 신당동 292-112 ","04611 서울 중구 다산로35길 5 (신당동) ","02-2232-8930","","","09:00~22:50 ","매일","매달 2?4번째 월요일 휴무","지하철 2/ 6호선 신당역 7번 출구,  232m","오래가게,떡볶이,분식점,신당",""
"27190","ko","마포관광정보센터","https://korean.visitseoul.net/attractions/마포관광정보센터/KOP027190?utm_source=seoulopendata&utm_medium=attractions&utm_content=KOP027190"," 서울 마포구 서교동 348-78 ","04055 서울 마포구 홍익로 22 (서교동) ","+82-2-334-7878","","https://www.instagram.com/seoul_hongdae_tour/","10:00 ~ 19:00","","","지하철 2호선/공항철도/경의중앙선  홍대입구역 9번 출구,  260m","서울관광정보센터,마포관광정보센터,홍대관광,홍대입구역,마포,마포구관광,홍대",""
"7162","ko","마포옥","https://korean.visitseoul.net/attractions/마포옥1/KOP007160?utm_source=seoulopendata&utm_medium=attractions&utm_content=KOP007160"," 서울특별시 마포구 용강동 50-13","04165 서울특별시 마포구 토정로 312 (용강동) ","02-716-6661","","","평일 07:00 ~ 21:00 주말 07:00 ~ 17:00","월요일~일요일 ","연중무휴","지하철 5호선 마포역 1번 출구,  263m","마포옥,마포,설렁탕음식점,차돌탕,한강,마포음식점,설렁탕,수요미식회",""
"11839","ko","김포공항관광정보센터","https://korean.visitseoul.net/attractions/김포공항관광정보센터/KOP011835?utm_source=seoulopendata&utm_medium=attractions&utm_content=KOP011835","157-220 서울 강서구 방화동 886 ","07505 서울 강서구 하늘길 38 (방화동, 김포공항(국제청사)) ","02-2660-2486~7","","","10:00 ~ 19:00","월요일~일요일 ","연중무휴","공항철도: 김포공항 국제선, 9호선: 김포공항 국제선, 김포골드라인:김포공항 국제선,  서해선: 김포공항 국제선, 5호선: 김포공항 국제선 (지하철 이용 시 방향에 따라 국제선과 국내선으로 이동가능)","관광안내소,서울관광정보센터,김포공항,관광정보,서울안내,김포공항관광정보센터,안내소",""
"49361","ko","놓다 물품보관소","https://korean.visitseoul.net/attractions/LuggageStorage28/KOP1yptkn?utm_source=seoulopendata&utm_medium=attractions&utm_content=KOP1yptkn"," 서울 종로구 돈의동 39-2 ","03139 서울 종로구 돈화문로11길 29 (돈의동, 낙원오피스텔) ","","","","","","","","놓다 물품보관소",""
"43432","ko","만나당","https://korean.visitseoul.net/attractions/2023001/KOPv423hd?utm_source=seoulopendata&utm_medium=attractions&utm_content=KOPv423hd","06029 서울 강남구 신사동 550-9 1층 101호 만나당","06029 서울 강남구 논현로175길 61 (신사동) 1층 101호 만나당","0507-1327-3312","","","월요일-토요일 10:00-18:00","","일요일","지하철3호선 압구정역 5번 출구,  498m "," 가로수길, 압구정,수제, 궁중약과, 강남, 약과,오래가게",""
"50865","ko","만포면옥","https://korean.visitseoul.net/attractions/ManpoMyeonjok/KOPvr2axw?utm_source=seoulopendata&utm_medium=attractions&utm_content=KOPvr2axw"," 서울 은평구 갈현동 463-1 ","03336 서울 은평구 연서로 171 (갈현동, 동연빌딩) ","02-389-3917","","","11:00~21:00","매일 ","","지하철 6호선 구산역 4번 출구, 260m","갈현동,오래가게,평양냉면,어복쟁반,불고기,평양,냉면,북한,은평,구산역,만두",""
"1399","ko","만해한용운 심우장","https://korean.visitseoul.net/attractions/만해한용운-심우장/KOP001399?utm_source=seoulopendata&utm_medium=attractions&utm_content=KOP001399","136-824 서울 성북구 성북동 222-1 222-1","02879 서울 성북구 성북로29길 24 (만해 한용운 심우장) ","02-2241-2652","","https://www.sb.go.kr/tour/contents.do?key=136","09:00 - 18:00","","연중무휴","지하철 4호선 한성대입구역 6번 출구, 삼선교.성북문화원 정류장까지 약 62m  성북03 버스 탑승 후 슈퍼앞 정류장에서 하차, 127m","유적지, 한성대입구역,성북동, 한용운, 심우장, 만해한용운,역사유적",""
"43464","ko","맨투맨양복점","https://korean.visitseoul.net/attractions/2023058/KOPald1vp?utm_source=seoulopendata&utm_medium=attractions&utm_content=KOPald1vp"," 서울 영등포구 영등포동6가 95-9 ","07251 서울 영등포구 영등포로 181-2 (영등포동6가) ","02-2676-6680","","","09:00~22:00","매일","없음","지하철 5호선 영등포시장역 4번 출구,  551m","남성정장,양복제작,오래가게,영등포,맞춤양복,양장점",""
"43461","ko","명가떡집","https://korean.visitseoul.net/attractions/2023053/KOPi5js4s?utm_source=seoulopendata&utm_medium=attractions&utm_content=KOPi5js4s"," 서울 송파구 잠실동 210 ","05564 서울 송파구 석촌호수로12길 7 (잠실동) ","02-416-9669","","https://smartstore.naver.com/mgchal","매일 07:00 ~ 22:00 ","매일","없음","지하철 2호선 잠실새내역 3번 출구 ,  359m"," 잠실, 대왕찹쌀떡,오래가게, 잠실새마을시장,쑥인절미",""
"11469","ko","명동관광정보센터","https://korean.visitseoul.net/attractions/명동관광정보센터/KOP011469?utm_source=seoulopendata&utm_medium=attractions&utm_content=KOP011469"," 서울 중구 을지로2가 181 외환은행 본점 별관 1층","04538 서울 중구 을지로 66 하나금융그룹 명동사옥 별관1층 ","02-778-0333","","https://www.instagram.com/ticmyeongdong/","명동관광정보센터 / 기념품판매관 - 09:00~18:00","","음력 설 및 추석 당일 휴관","지하철 2호선 을지로입구 5번 출구,  147m","관광정보센터,명동관광정보센터,안내,서울관광정보센터,관광정보,명동,을지로입구역","접근가능"
"4037","ko","명동성당","https://korean.visitseoul.net/attractions/명동성당/KOP004036?utm_source=seoulopendata&utm_medium=attractions&utm_content=KOP004036","100-809 서울 중구 명동2가 1-1 ","04537 서울 중구 명동길 74 (명동성당) ","02-774-1784","","http://www.mdsd.or.kr","화~토 09:00~19:00 일 07:00~21:00","","월요일","지하철 4호선 명동역 8번 출구, 590m 지하철 2호선 을지로입구역 5번 출구, 616m 지하철 2호선 을지로3가역 12번 출구, 561m"," 명동주교좌성당, 종교,명동,가톨릭, 명동성당, 천주교,역사, 고딕,명동대성당, 성당","장애인화장실,장애인 전용 주차장,접근가능,엘리베이터"
"5228","ko","명동함흥면옥","https://korean.visitseoul.net/attractions/명동함흥면옥/KOP005228?utm_source=seoulopendata&utm_medium=attractions&utm_content=KOP005228","100-809 서울 중구 명동2가 26-1 ","04537 서울 중구 명동10길 35-19 (명동2가) ","02-776-8430","","","11:00 ~ 20:00","월요일~토요일 ","일요일, 명절 휴무","지하철 4호선 명동역 5번 출구,   337m ","명동맛집,명동,냉면, 냉면맛집,회냉면,비빔냉면,함흥면옥, 함흥냉면,명동냉면집,냉면음식점",""
"43435","ko","모퉁이집","https://korean.visitseoul.net/attractions/2023004/KOPou99aq?utm_source=seoulopendata&utm_medium=attractions&utm_content=KOPou99aq"," 서울 강남구 역삼동 818 ","06129 서울 강남구 테헤란로1길 20 (역삼동) ","02-562-5948","","","10:00~23:00","없음","매일","지하철 신분당선/2호선  강남역  11번 출구,  168m","해장,강남역,수제비,라면,분식,오래가게,신논현역",""
"50869","ko","목노집","https://korean.visitseoul.net/attractions/Moknojip/KOPe16xkx?utm_source=seoulopendata&utm_medium=attractions&utm_content=KOPe16xkx"," 서울 은평구 대조동 197-2 ","03385 서울 은평구 연서로28길 10 (대조동) ","02-355-1652","","","15:00~24:00","매일","","지하철 3/6호선?GTX-A 연신내역 4번 출구, 95m","오래가게,보쌈,돼지보쌈,연신내,은평,목로주점",""
"48986","ko","경복궁 물품보관소","https://korean.visitseoul.net/attractions/LuggageStorage1/KOP5ffjaz?utm_source=seoulopendata&utm_medium=attractions&utm_content=KOP5ffjaz"," 서울 종로구 세종로 1-1 ","03045 서울 종로구 사직로 161 (세종로, 경복궁) ","","","","","","","","경복궁 물품보관소",""
"49183","ko","국립고궁박물관 물품보관소","https://korean.visitseoul.net/attractions/LuggageStorage3/KOP7t9o7j?utm_source=seoulopendata&utm_medium=attractions&utm_content=KOP7t9o7j"," 서울 종로구 세종로 1-57 ","03045 서울 종로구 효자로 12 (세종로, 국립고궁박물관) ","","","","","","","","국립고궁박물관 물품보관소",""
"28052","ko","글벗서점","https://korean.visitseoul.net/attractions/글벗서점/KOP028052?utm_source=seoulopendata&utm_medium=attractions&utm_content=KOP028052"," 서울 마포구 성산동 150-7 ","03941 서울 마포구 월드컵북로 210 (성산동) ","02-333-1382","","","12:00~22:00","매일","없음","지하철 2호선/공항철도/경의중앙선 홍대입구역 6번 출구,  312m","헌책,헌책방,책방,경의선책거리,신촌,오래가게,연세대,서점",""
"36843","ko","금선사","https://korean.visitseoul.net/attractions/금선사/KOP036843?utm_source=seoulopendata&utm_medium=attractions&utm_content=KOP036843"," 서울 종로구 구기동 196-2 ","03000 서울 종로구 비봉길 137 (구기동, 금선사) ","02-395-9911","","http://www.geumsunsa.org/","","","","지하철 3호선 경복궁역 3번 출구, 1.1km ","템플스테이,서울절,인왕산,구기동,금선사",""
"2049","ko","덕수궁","https://korean.visitseoul.net/attractions/Seoul-K-Medi-Center/KOP002046?utm_source=seoulopendata&utm_medium=attractions&utm_content=KOP002046","100-120 서울 중구 정동 5-1","04519 서울 중구 세종대로 99 ","02-771-9951","","https://royal.khs.go.kr/ROYAL/contents/menuInfo-gbg.do?grpCode=dsg ","09:00 ~ 20:00 (매표 및 입장시간) 21:00 (퇴장시간)","화요일~일요일 ","월요일","지하철 1/2호선 시청역 1번 출구,  72m ","덕수궁투어,한국전통,덕수궁,서울나들이,궁궐투어,한국여행지,서울필수여행지,정동길,서울야경,덕수궁야간,한국역사,서울걷기좋은길,궁,고종의길,정동돌담길,한국궁,서울여행","장애인화장실,장애인 전용 주차장,장애인 안내(휠체어 대여 및 기타)"
"1809","ko","목인박물관","https://korean.visitseoul.net/attractions/목인박물관/KOP001809?utm_source=seoulopendata&utm_medium=attractions&utm_content=KOP001809","110-170 서울 종로구 부암동  338-42","03022 서울 종로구 창의문로5길 46-1 ","02-722-5055","","http://www.mokinmuseum.com","하절기 10:30~19:00(입장마감 18:00) 동절기 10:30~18:00(입장마감 17:00)","화~일","월요일 설, 추석 연휴","지하철 3호선 경복궁역 3번 출구,  7212,7022,1020버스 환승,  부암동주민센터 하차,  584m"," 박물관, 인사동,쌈지길, 갤러리,옥상정원, 광화문, 관광지, 종각역,목인박물관, 목인갤러리,안국역,문화",""
"450","ko","문화역서울 284","https://korean.visitseoul.net/attractions/문화역서울284/KOP000450?utm_source=seoulopendata&utm_medium=attractions&utm_content=KOP000450","100-162 서울 중구 봉래동2가 122-28 ","04509 서울 중구 통일로 1 (서울역 본옥) ","02-3407-3500","","http://www.seoul284.org ","","자세한 운영 일정은 홈페이지를 참고하시기 바랍니다.","","지하철 1/4호선/공항철도/경의중앙선/GTX-A 서울역 1번 출구,  76m","전시,유적지, 기차역, 광화문, 미술관,문화역서울, 서울역전시회, 서울역, 284, 구서울역,역사,문화역서울284","장애인화장실,접근가능,엘리베이터,장애인 안내(휠체어 대여 및 기타)"
"43613","ko","미림분식","https://korean.visitseoul.net/attractions/2023013/KOPtdvr6c?utm_source=seoulopendata&utm_medium=attractions&utm_content=KOPtdvr6c"," 서울 관악구 신림동 298-3 ","08846 서울 관악구 호암로 553 ","02-888-8567","","","11:30~20:00","매일","없음","지하철 신림선 서울대벤처타운역 2번 출구,  608m"," 신림,즉석떡볶이,오래가게, 군만두,분식, 미림여고, 가성비",""
"46883","ko","남도한식정든님고운님","https://korean.visitseoul.net/attractions/NamdoHansikJeongdeunnim/Gounnim/KOPn3d13h?utm_source=seoulopendata&utm_medium=attractions&utm_content=KOPn3d13h"," 서울 중구 북창동 79 ","04526 서울 중구 세종대로14길 22-5 (북창동) ","0507-1307-0145","","","월-금 11:30~21:50 토 11:30~21:00 (14:45~17:00 브레이크타임)","","일","지하철 1/2호선 시청역 7번 출구,  274m"," 한식당,오래가게,  보리굴비,한상차림, 시청역",""
"276","ko","남산골 한옥마을","https://korean.visitseoul.net/attractions/남산골-한옥마을/KOP000276?utm_source=seoulopendata&utm_medium=attractions&utm_content=KOP000276","100-272 서울 중구 필동2가 84-1 ","04626 서울 중구 퇴계로34길 28 (남산골한옥마을) ","02-6358-5533","","https://www.hanokmaeul.co.kr/","하절기(4월~10월) 09:00 - 21:00 동절기(11월~3월) 09:00 - 20:00   -전통정원 개방시간 24시간 개방","화요일 ~ 일요일","월요일","지하철 3/4호선 충무로역 4번 출구,  307m","서울핫플레이스,서울사진명소,서울남산,남산공원,서울데이트코스,남산골한옥마을,서울여행,남산둘레길,서울아이와나들이,서울전통명소,국내한옥마을추천","장애인화장실,접근가능,장애인 안내(휠체어 대여 및 기타)"
"27215","ko","동대문 관광안내소","https://korean.visitseoul.net/attractions/동대문-관광안내소/KOP027215?utm_source=seoulopendata&utm_medium=attractions&utm_content=KOP027215","100-729 서울 중구 을지로6가 18-21 ","04564 서울 중구 장충단로 247 (굿모닝시티쇼핑몰) ","+82-2-2236-9135","","http://www.sta.or.kr","10:00 ~ 01:00","","설, 추석 당일 휴무","지하철 2/4/5호선 동대문역사문화공원역 14번 출구,  32m  지하철 1/4호선 동대문역 8번 출구,  466m","여행,동대문,관광,관광안내소,안내소,동대문-관광안내소",""
"49319","ko","동대입구역","https://korean.visitseoul.net/attractions/LuggageStorage17/KOPw9vnct?utm_source=seoulopendata&utm_medium=attractions&utm_content=KOPw9vnct"," 서울 중구 장충동2가 199-3 ","04617 서울 중구 동호로 지하 256 (장충동2가, 동대입구역 3호선) ","","","","","","","","동대입구역",""
"42350","ko","박노수미술관","https://korean.visitseoul.net/attractions/박노수미술관/KOP042350?utm_source=seoulopendata&utm_medium=attractions&utm_content=KOP042350"," 서울 종로구 옥인동 168-2 ","03034 서울 종로구 옥인1길 34 (옥인동, 박노수 가옥) ","02-2148-4171","","https://www.jfac.or.kr/site/main/content/parkns01","화요일 ~ 일요일 10:00 ~ 18:00","","매주 월요일, 1월 1일, 설날, 추석 당일","지하철 3호선 경복궁역 2번 출구,  850m","박노수미술관",""
"46885","ko","박선영전통한복연구실","https://korean.visitseoul.net/attractions/ParkSeon-yeongTraditionalHanbokResearch/KOPtw1dyr?utm_source=seoulopendata&utm_medium=attractions&utm_content=KOPtw1dyr"," 서울 종로구 이화동 98-4 ","03100 서울 종로구 율곡로 227 (이화동) "," 02-742-1345","","","탄력운영 11:00~17:00","","","지하철 4호선 혜회역 2번 출구,  714m","장인,혜화,한복,무형문화제,오래가게",""
"26954","ko","박인당","https://korean.visitseoul.net/attractions/박인당/KOP026954?utm_source=seoulopendata&utm_medium=attractions&utm_content=KOP026954"," 서울 종로구 종로2가 71-4 ","03190 서울 종로구 종로 88 (종로2가, 경영빌딩) 302호","02-733-3429","","http://www.parkindang.co.kr/","고정 운영시간 없음 (전화 문의)","매일","없음","지하철 1호선 종각역 4번 출구,  290m"," 종각역,오래가게, 맞춤도장, 수제도장,도장, 서울미래유산",""
"16325","ko","반포대교 야경","https://korean.visitseoul.net/attractions/반포대교-야경/KOP016325?utm_source=seoulopendata&utm_medium=attractions&utm_content=KOP016325"," 서울 서초구 반포동 649-1 반포대교 북단교차로","06500 서울 서초구 올림픽대로 2085-14 ","02-3780-0578","","https://hangang.seoul.go.kr/www/bbsPost/30/list.do#list/1","","","","지하철 3/7/9 고속터미널역 8-1번 출구,  850m","산책,공원,서울여행,서울야경명소,반포한강공원,서울풍경,반포야경,서울,한강데이트,걷기,무지개분수,서울의밤,야경,반포대교,데이트코스,반포대교달빛무지개분수,반포대교옆한강공원",""
"2545","ko","방이동 백제고분군","https://korean.visitseoul.net/attractions/방이동-백제고분군/KOP002544?utm_source=seoulopendata&utm_medium=attractions&utm_content=KOP002544","138-050 서울 송파구 방이동 산47-4","05644 서울특별시 송파구 오금로 219 (방이동) ","02-2147-2800","","","09:00 ~ 20:00","","연중무휴","지하철 5호선 방이역 3번 출구, 600m 지하철 9호선 송파나루역 3번출구, 613m","방이역,방이동고분,삼국시대고분군, 백제, 백제고분, 방이동백제고분군, 서울유적지, 역사, 고분군, 문화유적, 유적지, 산책",""
"6433","ko","배재학당역사박물관","https://korean.visitseoul.net/attractions/배재학당역사박물관/KOP006430?utm_source=seoulopendata&utm_medium=attractions&utm_content=KOP006430"," 서울특별시 중구 정동 34-5 배재정동빌딩 동관","04516 서울특별시 중구 서소문로11길 19, 배재정동빌딩 동관 (정동) ","02-319-5578","","https://appenzeller.pcu.ac.kr/appenzeller","10:00~17:00","화요일~토요일 ","-일요일, 월요일 -공휴일","지하철 1/2호선 시청역 10번 출구,  240m","박물관,배재학당,시청역,배재학당역사박물관, 역사, 전시,학교",""
"28656","ko","백범광장공원","https://korean.visitseoul.net/attractions/백범광장공원/KOP028656?utm_source=seoulopendata&utm_medium=attractions&utm_content=KOP028656","100-873 서울 중구 회현동1가 100-5 ","04633 서울 중구 퇴계로8길 49-4 ","02-3783-5900","","","","","","지하철 4호선 회현역 4번 출구,  512m  지하철 1/4호선/경의중앙선/공항철도 서울역 10번 출구,  679m","회현역,문화유산,명동, 남산공원, 백범광장공원,김구, 독립운동가",""
"45519","ko","백양세탁","https://korean.visitseoul.net/attractions/Baekyang-2024/KOP8onuvv?utm_source=seoulopendata&utm_medium=attractions&utm_content=KOP8onuvv"," 서울 종로구 계동 140-24 ","03057 서울 종로구 계동길 54 (계동) ","02-762-1261","","","","","","지하철 3호선 안국역 3번 출구,  332m","백양세탁소,종로",""
"21128","ko","백인제가옥","https://korean.visitseoul.net/attractions/백인제가옥/KOP021128?utm_source=seoulopendata&utm_medium=attractions&utm_content=KOP021128","110-260 서울 종로구 가회동 93-1 ","03055 서울 종로구 북촌로7길 16 (가회동) ","02-724-0232, 0200","","https://yeyak.seoul.go.kr/web/reservation/selectReservView.do?rsv_svc_id=S250220094425372104","09:00~18:00 (입장마감 17:30) ※ 자유관람시 외부 관람만 가능 ","화요일~일요일 ","월요일(월요일이 공휴일인 경우 개관), 1월 1일","지하철 3호선 안국역 2번 출구,  464m"," 문화유산,한옥, 북촌,별당채,안국역, 민속문화재,광화문, 일제강점기,백인제가옥",""
"26558","ko","별마당 도서관","https://korean.visitseoul.net/attractions/별마당-도서관/KOP026558?utm_source=seoulopendata&utm_medium=attractions&utm_content=KOP026558","135-731 서울 강남구 삼성동 159 ","06164 서울 강남구 영동대로 513 (삼성동, 코엑스) ","02-6002-3031","","https://www.starfield.co.kr/coexmall/entertainment/library.do","10:30~22:00","월~일","연중무휴","지하철 2호선 삼성역 5번 출구,  319m 지하철 9호선 봉은사역 7번 출구,  328m"," 문화,삼성동,코엑스, 강남,도서관,북콘서트,별마당도서관,별마당,독서",""
"1904","ko","보신각(상설타종행사)","https://korean.visitseoul.net/attractions/보신각상설타종행사/KOP001904?utm_source=seoulopendata&utm_medium=attractions&utm_content=KOP001904","110-111 서울 종로구 관철동 45-3 ","03189 서울 종로구 종로 54 (관철동, 보신각) ","02-2133-2641","","https://culture.seoul.go.kr/culture/main/contents.do?menuNo=200147","보신각 타종의식 11:00 - 12:30 * 타종 체험은 사전예약 필수","화~일","-월 -3.1절, 8?15광복절, 제야의 종 등 기념일타종행사  -혹한기, 혹서기  ","지하철 1호선 종각역 4번 출구,  63m ","종각역가볼만한곳,서울역사적인곳,서울새해여행,서울보신각종,서울여행, 타종행사,제야의종,보신각,서울가볼만한곳,새해,종각역,종로,광화문",""
"28339","ko","봉원사","https://korean.visitseoul.net/attractions/봉원사/KOP028339?utm_source=seoulopendata&utm_medium=attractions&utm_content=KOP028339"," 서울 서대문구 봉원동 26 ","03721 서울 서대문구 봉원사길 120 (봉원사) ","02-392-3007","","http://www.bongwonsa.or.kr/index.php","","","","지하철 2호선 신촌역 3번 출구,  7024버스 환승 봉원사길정류장 하차,  378m "," 절, 홍대,연세대, 신라, 독립문역,봉원사, 마포,연꽃",""
"411","ko","봉은사 ","https://korean.visitseoul.net/attractions/봉은사/KOP000411?utm_source=seoulopendata&utm_medium=attractions&utm_content=KOP000411","135-870 서울 강남구 삼성동 73 ","06087 서울 강남구 봉은사로 531 (봉은사) ","02-3218-4800","","http://www.bongeunsa.org/","법회, 기도 불공 등 사찰 일정에 따라 이용 시간에 차이가 있음","","","지하철 9호선 봉은사역 1번출구,  135m","종교,템플스테이, 봉은사역,연등행렬, 불교, 사찰, 강남,코엑스,봉은사","장애인 전용 주차장,장애인 안내(휠체어 대여 및 기타),장애인화장실"
"43459","ko","봉화묵집","https://korean.visitseoul.net/attractions/2023050/KOPc5kegp?utm_source=seoulopendata&utm_medium=attractions&utm_content=KOPc5kegp","  ","02813 서울 성북구 아리랑로19길 46-2 ","02-918-1668","","","화요일~일요일 11:00~20:00 ","화요일~일요일","매주 월요일 정기휴무","지하철 우이신설선  정릉역 2번 출구,  247m"," 부침, 수제가정식, 단골장사,손만두, 정릉,오래가게, 한식, 가성비, 메밀묵",""
"3306","ko","봉황각","https://korean.visitseoul.net/attractions/봉황각/KOP003305?utm_source=seoulopendata&utm_medium=attractions&utm_content=KOP003305"," 서울 강북구 우이동 254"," 서울특별시 강북구 삼양로173길 107-12 (우이동) ","02-120","","","","","","지하철 우이신설선 북한산우이역 2번 출구, 659m"," 유적지, 안암손병희선생, 수유역,만세운동, 우이동봉황각, 천도교,3.1독립운동, 역사, 기와집,봉황각",""
"2436","ko","부민옥","https://korean.visitseoul.net/attractions/부민옥/KOP002436?utm_source=seoulopendata&utm_medium=attractions&utm_content=KOP002436"," 서울 중구 다동 177-2 ","04522 서울 중구 다동길 24-12 (다동) ","02-777-2345","","","월요일~금요일 11:00~15:00 / 17:00~22:00 토요일 11:30~15:00 / 17:00~21:00","","일요일, 명절 휴무","지하철 2호선 을지로입구역 1번 출구,  300m ","수요미식회, 추어탕,을지로음식점,시청음식점, 을지로맛집, 경상도음식, 한식맛집,육개장,종각음식점,명동,양무침,한식,부민옥",""
"43470","ko","거안","https://korean.visitseoul.net/attractions/2023080/KOPx138ls?utm_source=seoulopendata&utm_medium=attractions&utm_content=KOPx138ls"," 서울 종로구 관훈동 38 ","03146 서울 종로구 인사동길 44 (관훈동, 쌈지길) ","0507-1406-8815","","https://www.instagram.com/geoan_official/","11:00~18:00","매일","없음","지하철 3호선 안국역 6번 출구,  291m","쌈지길,오래가게,식탁,책상,책장,느티나무,기러기",""
"41903","ko","김근태기념도서관","https://korean.visitseoul.net/attractions/김근태기념도서관/KOP041903?utm_source=seoulopendata&utm_medium=attractions&utm_content=KOP041903"," 서울 도봉구 도봉동 279 ","01301 서울 도봉구 도봉산길 14 (도봉동) "," 02-956-3100","","https://geuntae.co.kr/","평일	09:00 ~ 20:00 주말	09:00 ~ 17:00","","매주 월요일, 법정 공휴일","지하철 1/7호선 도봉산역 1번 출구,  289m"," 도봉산역,김근태,김근태기념도서관,라키비움,도봉구도서관",""
"29721","ko","김용안과자점","https://korean.visitseoul.net/attractions/김용안과자점/KOP029721?utm_source=seoulopendata&utm_medium=attractions&utm_content=KOP029721"," 서울 용산구 한강로2가 259-1 ","04376 서울 용산구 한강대로 155-1 (한강로2가) ","02-796-6345","","","월요일~토요일 10:00~16:00(소진시 마감)","","일요일","지하철 4 / 6호선 삼각지역 4번 출구 ,   70m ","과자,오래가게,장인정신,전병,용산,삼각지",""
"49372","ko","낙산 물품보관소","https://korean.visitseoul.net/attractions/LuggageStorage30/KOPtdxb43?utm_source=seoulopendata&utm_medium=attractions&utm_content=KOPtdxb43"," 서울 종로구 동숭동 1-147 ","03086 서울 종로구 동숭길 51 (동숭동) 1층 7호","","","","","","","","낙산 물품보관소",""
"18898","ko","동림매듭공방","https://korean.visitseoul.net/attractions/동림매듭공방/KOP018898?utm_source=seoulopendata&utm_medium=attractions&utm_content=KOP018898"," 서울 종로구 가회동 11-7 ","03056 서울 종로구 북촌로12길 10 ","02-3673-2778","","http://www.shimyoungmi.com/","10:00~18:00, 10:00~17:00 (11월~2월, 동절기)","화요일~일요일","월요일   ","지하철 3호선 안국역 2번 출구,  571m ","오래가게,전통체험,매듭체험,전통매듭,창작품,북촌한옥마을,전통공예",""
"11117","ko","북악스카이웨이 북악팔각정","https://korean.visitseoul.net/attractions/북악스카이웨이-팔각정/KOP011117?utm_source=seoulopendata&utm_medium=attractions&utm_content=KOP011117","110-012 서울시 종로구 평창동 산6-17 ","03010 서울시 종로구 북악산로 267 (평창동) ","","","","","","","지하철 4호선 한성대입구역 6번 출구,  1112,1111 버스 탑승 후 서울다원학교,한용운활동터에서 하차,  2.3km  ","팔각정,북악산성곽길,산책로, 북악산,북악산둘레길,북악스카이웨이,야경",""
"27189","ko","북촌마을관광안내소","https://korean.visitseoul.net/attractions/북촌마을관광안내소/KOP027189?utm_source=seoulopendata&utm_medium=attractions&utm_content=KOP027189","110-210 서울 종로구 화동 2 ","03055 서울 종로구 북촌로5길 48 (화동, 정독도서관) 주요위치 : 재동초등학교 사거리 (정독도서관 부지내, 서울교육박물관 앞)","+82-2-2148-4161 ","","","?09:00~18:00(일요일 휴관)","","연중무휴 (설, 추석 명절 당일만 휴무)","지하철 3호선 안국역 1번 출구,  527m","외국어안내,북촌마을관광안내소,정독도서관,관광안내소",""
"27813","ko","북촌목공예공방","https://korean.visitseoul.net/attractions/북촌목공예공방/KOP027813?utm_source=seoulopendata&utm_medium=attractions&utm_content=KOP027813"," 서울 종로구 계동 2-31 ","03057 서울 종로구 계동6길 12  ","02-725-1061","","","10:00~17:00","화요일 ~ 토요일","일요일, 월요일 휴무","지하철 3호선 안국역 3번 출구,  700m","공예체험,오래가게,공예,전시,북촌한옥마을,북촌,목공예",""
"261","ko","북촌한옥마을","https://korean.visitseoul.net/attractions/북촌한옥마을/KOP000261?utm_source=seoulopendata&utm_medium=attractions&utm_content=KOP000261","110-801 서울 종로구 계동 105 북촌문화센터 일대 ","03059 서울 종로구 계동길 37 북촌문화센터 일대 (계동)"," 02-2133-1372","","  https://hanok.seoul.go.kr/front/kor/town/town01.do","10:00 ~ 17:00 (제한시간 17:00 ~ 익일 10:00, 제한시간 내 제한구역의 관광객 방문 금지) (한옥 마을은 관광지이기에 앞서 지역 주민들의 거주 공간 입니다.)","","","지하철 3호선 안국역 3번 출구,  516m","북촌한옥마을데이트,한옥마을,걷기좋은곳,한국전통,서울가볼만한곳,부모님과함께,서울여행,서울명소,서울나들이,서울북촌한옥마을,한국전통가옥,서울데이트,북촌한옥마을,한국문화",""
"2012","ko","경인미술관","https://korean.visitseoul.net/attractions/경인미술관/KOP002011?utm_source=seoulopendata&utm_medium=attractions&utm_content=KOP002011"," 서울 종로구 관훈동 30-1 ","03146 서울 종로구 인사동10길 11-4  ","02-733-4448","","http://www.kyunginart.co.kr/","10:00~18:00","매일","신정, 구정, 추석 휴관","지하철 3호선 안국역 5번 출구,  354m "," 문화, 전시회, 문화, 전시회, 경인미술관, 미술관,인사동오래가게, 미술관, 경인미술관, 인사동,오래가게",""
"43447","ko","그날이오면","https://korean.visitseoul.net/attractions/2023015/KOPqc1t0c?utm_source=seoulopendata&utm_medium=attractions&utm_content=KOPqc1t0c"," 서울 관악구 신림동 241-22 ","08814 서울 관악구 신림로 91 (신림동) 9호","02-885-8290","","","월요일 ~ 금요일 : 09:40 ~ 23:00 토요일 : 09:40 ~ 22:00 ","","일요일","지하철 신림선 서울대벤처타운역 2번 출구,  470m","서점,1980년대,관악,대학교재,신림,서울대,오래가게",""
"43465","ko","미도파꽃집","https://korean.visitseoul.net/attractions/2023059/KOPe6lrh6?utm_source=seoulopendata&utm_medium=attractions&utm_content=KOPe6lrh6"," 서울 영등포구 영등포동 33 ","07305 서울 영등포구 경인로 지하 843 (영등포동3가, 영등포역지하도상가) ","02-2632-8828","","","10:00~22:00","매일","없음","지하철 1호선 영등포역 6번 출구,  28m "," 영등포역지하쇼핑센터, 꽃, 꽃집,화원, 영등포,오래가게",""
"26192","ko","비원떡집","https://korean.visitseoul.net/attractions/비원떡집/KOP026192?utm_source=seoulopendata&utm_medium=attractions&utm_content=KOP026192"," 서울 종로구 가회동 163 ","03055 서울 종로구 북촌로 33-1 (가회동) ","02-765-4928","","http://www.biwon.net/","매일 10:00 ~ 17:00 *떡 소진시 조기 마감 (일요일은 예약떡만 제조 후 마감)","매일","없음","지하철 3호선 안국역 2번 출구,  324m ","오래가게, 서울미래유산, 쑥찹쌀떡, 약식, 궁중떡, 잣설기, 쌍개피, 떡집, 두텁떡",""
"1826","ko","사직단","https://korean.visitseoul.net/attractions/사직단/KOP001824?utm_source=seoulopendata&utm_medium=attractions&utm_content=KOP001824","110-054 서울 종로구 사직동 1-48 ","03027 서울 종로구 사직로 89 ","02-739-7205","","","","","","지하철 3호선 경복궁역 1번 출구,  337m","역사,경복궁역,유적지,제사,어린이도서관,경복궁,문화,사직공원,사직대제,사직단",""
"2372","ko","살곶이다리（전곶교）","https://korean.visitseoul.net/attractions/살곶이다리전곶교/KOP002372?utm_source=seoulopendata&utm_medium=attractions&utm_content=KOP002372","133-070 서울 성동구 행당동 61-1"," 서울 성동구 행당동 61-1","02-2286-5204","","","","","","지하철 2호선 한양대역 3번 출구,  257m","한양대역, 뚝섬역, 중랑천, 한강, 전곶교, 한양대학교,살곶이다리, 산책로,최장교",""
"49393","ko","삼성역 물품보관소","https://korean.visitseoul.net/attractions/LuggageStorage31/KOPfitqa2?utm_source=seoulopendata&utm_medium=attractions&utm_content=KOPfitqa2"," 서울 강남구 삼성동 172-66 ","06181 서울 강남구 테헤란로 지하 538 (삼성동, 삼성역) ","","","","","","","","삼성역 물품보관소",""
"3330","ko","삼성출판박물관","https://korean.visitseoul.net/attractions/삼성출판박물관/KOP003330?utm_source=seoulopendata&utm_medium=attractions&utm_content=KOP003330","110-804 서울 종로구 구기동 126-4 ","03007 서울 종로구 비봉길 2-2 (구기동, 삼성출판박물관) ","02-394-6544","","http://www.ssmop.org","10:00~17:00","월~금","주말, 공휴일","지하철 3/6호선 불광역 2번 출구, 버스 7022, 7211 환승 후 구기 터널 앞 하차 지하철 3호선 경복궁역 3번 출구, 버스 7022, 7212 환승 후 구기 터널 앞 하차"," 뮤지엄아카데미, 전시, 구기동,삼성출판박물관,박물관, 경복궁역,불광역,  문화유산, 역사, 김종규, 출판박물관",""
"43439","ko","삼양탕","https://korean.visitseoul.net/attractions/2023009/KOP851vd2?utm_source=seoulopendata&utm_medium=attractions&utm_content=KOP851vd2"," 서울 강북구 수유동 461-35 ","01097 서울 강북구 덕릉로8길 6 (수유동, 삼양여관) ","02-983-2890","","","05:00~17:00","매일","","지하철 우이신설선 화계역 2번 출구,  200m","오래가게,아날로그,레트로,수유,강북,목욕탕,카페,스파,삼양여관",""
"43606","ko","삼우치킨센타","https://korean.visitseoul.net/attractions/Samuchikin-kr/KOPd11wkn?utm_source=seoulopendata&utm_medium=attractions&utm_content=KOPd11wkn"," 서울 영등포구 대림동 960-4 ","07442 서울 영등포구 시흥대로 671 (대림동) ","02-844-9292","","","12:00~24:00","매일","없음","지하철 2호선 신대방역 4번 출구,  814m"," 치맥, 치킨,오래가게, 통닭, 월급날,호프, 보라매공원,대림동",""
"6668","ko","대한민국역사박물관","https://korean.visitseoul.net/attractions/대한민국역사박물관/KOP006667?utm_source=seoulopendata&utm_medium=attractions&utm_content=KOP006667"," 서울시 종로구 세종로 82-1 대한민국역사박물관 ","03141 서울시 종로구 세종대로 198 (세종로) ","02-3703-9200","","http://www.much.go.kr","10:00 ~ 18:00 (수요일 / 토요일 10:00 ~ 21:00)  *폐관 30분 전 입장 마감","월요일 ~ 일요일","-1월 1일 -설날 -추석 휴관  ","지하철 5호선 광화문역 2번 출구,  217m","박물관,대한민국역사박물관,광화문, 역사박물관,경복궁역,야경,역사체험학습, 전망대, 전시, 광화문역,종각역,독립선언서","장애인 전용 주차장,접근가능,엘리베이터,장애인 안내(휠체어 대여 및 기타),장애인화장실"
"45562","ko","명동재미로","https://korean.visitseoul.net/attractions/2024-jaemiro/KOPhvgb2b?utm_source=seoulopendata&utm_medium=attractions&utm_content=KOPhvgb2b"," 서울 중구 남산동2가 30-4 ","04631 서울 중구 퇴계로20길 24 (남산동2가, 남산동공영주차장)  ","","","","","","","지하철 4호선 명동역 3번 출구,  196m","애니메이션,명동역, 만화,명동, 재미로",""
"2121","ko","삼청동 골목길","https://korean.visitseoul.net/attractions/삼청동-골목길/KOP002121?utm_source=seoulopendata&utm_medium=attractions&utm_content=KOP002121"," 서울 종로구 가회동 일대"," 서울특별시 종로구 가회동 일대 ","02-120","","","","","","지하철 3호선 안국역 2번 출구,  780m"," 광화문, 북촌, 삼청동,갤러리, 카페,가회동, 예술가,경복궁돌담길, 안국역, 종로, 골목길,문화공간",""
"46877","ko","삼청동 수제비","https://korean.visitseoul.net/attractions/Samcheong-dongSujebi/KOPqgbap0?utm_source=seoulopendata&utm_medium=attractions&utm_content=KOPqgbap0"," 서울 종로구 삼청동 99 ","03049 서울 종로구 삼청로 101-1 (삼청동) ","02-735-2965","","https://www.xn--2q1bp1re1b2wb9ypllh.kr/","11:00~20:00","매일 ","","지하철 3호선 안국역 1번 출구,  1,2km","수제비,오래가게,종로",""
"43433","ko","상신당","https://korean.visitseoul.net/attractions/2023002/KOPnel0nx?utm_source=seoulopendata&utm_medium=attractions&utm_content=KOPnel0nx"," 서울 강남구 논현동 16-40 ","06038 서울 강남구 강남대로146길 7 (논현동) 금원빌딩 505호","0507-1418-4987","","www.ssdr.co.kr","월요일 ~ 금요일 : 09:30 ~ 18:00 ","","주말 및 공휴일","지하철 3호선/ 신분당선 신사역 3번 출구,  200m","도장,인감도장,강남,도장판매,수제,불도장,오래가게",""
"2615","ko","서대문자연사박물관","https://korean.visitseoul.net/attractions/서대문자연사박물관/KOP002613?utm_source=seoulopendata&utm_medium=attractions&utm_content=KOP002613"," 서울 서대문구 연희동 141-52 ","03718 서울특별시 서대문구 연희로32길 51 (연희동) ","02-330-8899","","http://namu.sdm.go.kr/","3월~10월 - 평일 AM 09:00 ~ PM 06:00 토요일?공휴일 AM 09:00 ~ PM 07:00 11월~2월 - 평일 AM 09:00 ~ PM 05:00 토요일?공휴일	AM 09:00 ~ PM 06:00 (매표는 입장마감 1시간 전까지 가능)","화~일","-월요일(월요일이 공휴일이면 다음날 휴관) -1월 1일 -설날, 추석 당일 ","지하철 2호선 신촌역 3번 출구,  신촌전철역 정류장에서 서대문03번 버스 탑승 후 서대문자연사박물관입구 정류장에서 하차,  283m","신촌역, 화산폭발,자연사도서관,연희동, 광화문, 홍대, 박물관, 역사, 서대문자연사박물관, 지구환경, 자연사박물관",""
"1833","ko","서대문형무소역사관","https://korean.visitseoul.net/attractions/서대문형무소역사관/KOP001831?utm_source=seoulopendata&utm_medium=attractions&utm_content=KOP001831","120-080 서울 서대문구 현저동 101 ","03732 서울 서대문구 통일로 251 (현저동, 독립공원) ","02-360-8590","","https://sphh.sscmc.or.kr/","여름철(3월~10월): 09:30~18:00 겨울철(11월~2월): 09:30~17:00 입장 마감은 관람 종료 30분 전 ","화요일~일요일","-월요일(공휴일인 경우 그 다음날) -1월1일 -설날?추석 당일","지하철 3호선 독립문역 5번 출구,  209m","순국열사, 서대문형무소,독립운동가, 독립관,역사,역사관,안창호,3.1, 독립선언기념탑,독립문역, 유관순, 8.15, 역사 유적,공원, 강우규,서대문독립공원",""
"30804","ko","서소문성지역사박물관","https://korean.visitseoul.net/attractions/서소문성지역사박물관/KOP030804?utm_source=seoulopendata&utm_medium=attractions&utm_content=KOP030804","100-142 서울 중구 의주로2가 16-4 ","04510 서울 중구 칠패로 5 (의주로2가) ","02-3147-2401","","https://www.seosomun.org","09:30~17:30","화요일~일요일","월요일, 1월 1일, 설날, 추석 당일","지하철 2/5호선 충정로역 4번 출구,  417m","전시,도서관,순교성지,지상공원,충정로역,서소문성지역사박물관,교회사,역사박물관",""
"43454","ko","서우제과","https://korean.visitseoul.net/attractions/2023043/KOPw01l8t?utm_source=seoulopendata&utm_medium=attractions&utm_content=KOPw01l8t"," 서울 서초구 방배동 931-27 ","06680 서울 서초구 방배중앙로 50 ","02-522-5633","","smartstore.naver.com/seowoonrg","월요일~토요일 09:00~19:00","월요일~토요일","일요일","지하철 7호선 내방역 4번 출구,  599m "," 방배동, 뻥튀기,오래가게, 전통과자, 쌀과자, 서초",""
"27221","ko","서울 관광기념품 전시관?여행자지원센터","https://korean.visitseoul.net/attractions/삼일교-관광안내소/KOP027221?utm_source=seoulopendata&utm_medium=attractions&utm_content=KOP027221","110-748 서울 종로구 관철동 10-2 ","03190 서울 종로구 청계천로 85 (삼일빌딩) 앞 ","02-720-0872 (관광안내, 기념품) / 1800-9008 (여행자지원센터)","","https://tiac.or.kr/lang_kr","10:00~19:00   ※ 운영시간은 상황에 따라 변동될 수 있으며, 설날 및 추석 연휴는 휴무 ","","※ 설, 추석 당일 휴관","지하철 1호선 종각역 4번 출구,  400m","청계천,삼일교-관광안내소,안내소,안내,여행,종로,관광안내소,삼일교",""
"3164","ko","남포면옥(중구)","https://korean.visitseoul.net/attractions/남포면옥중구/KOP003160?utm_source=seoulopendata&utm_medium=attractions&utm_content=KOP003160"," 서울 중구 다동 121-4 ","04522 서울특별시 중구 을지로3길 24 (다동) ","02-757-2269","","","월요일 ~ 금요일 11:30 ~ 22:00 토요일 ~ 일요일 11:30 ~ 21:00","","명절 당일","지하철 2호선 을지로입구역 1-1번 출구,  150m","어복쟁반,갈비탕,남포면옥,냉면,을지로맛집",""
"25928","ko","납청놋전","https://korean.visitseoul.net/attractions/납청놋전/KOP025928?utm_source=seoulopendata&utm_medium=attractions&utm_content=KOP025928"," 서울 종로구 관훈동 31 ","03146 서울 종로구 인사동10길 5 (관훈동) ","02-736-5492","","http://www.napcheong.com"," 10:30 ~ 18:30","","","지하철 3호선 안국역 6번 출구,  370m"," 이형근방짜유기, 안국역, 방짜유기,오래가게, 놋그릇, 납청유기, 이봉주방짜유기",""
"24904","ko","내자땅콩","https://korean.visitseoul.net/attractions/Naeja-Peanuts-kr/KOP024904?utm_source=seoulopendata&utm_medium=attractions&utm_content=KOP024904"," 서울 종로구 내자동 21-1 ","03041 서울 종로구 사직로 111 (내자동) ","02-730-7239","","","11:00 ~ 16:00 (소진시 영업 종료/브레이크타임 13:00 ~ 14:00)","월요일~토요일 ","일요일","지하철 3호선 경복궁역 1번 출구, 103m "," 땅콩센베이,꽈배기,오래가게",""
"49341","ko","동대문디자인플라자 물품보관소","https://korean.visitseoul.net/attractions/LuggageStorage21/KOPw1zwwt?utm_source=seoulopendata&utm_medium=attractions&utm_content=KOPw1zwwt"," 서울 중구 을지로7가 143 ","04566 서울 중구 을지로 281 ","","","","","","","","동대문디자인플라자 물품보관소",""
"49239","ko","동대문역 물품보관소","https://korean.visitseoul.net/attractions/LuggageStorage7/KOPxa6og4?utm_source=seoulopendata&utm_medium=attractions&utm_content=KOPxa6og4"," 서울 종로구 종로6가 287-1 ","03198 서울 종로구 율곡로 지하 308 (종로6가, 4호선 동대문역) ","","","","","","","","동대문역 물품보관소",""
"90","ko","서울 한양도성","https://korean.visitseoul.net/attractions/서울-한양도성/KOP000090?utm_source=seoulopendata&utm_medium=attractions&utm_content=KOP000090","110-126 서울 종로구 종로6가 70-6 ","03098 서울 종로구 율곡로 283 (종로6가, 서울디자인지원센터) ","02-120","","https://seoulcitywall.seoul.go.kr/index.do","","","","지하철 1/4호선 동대문역 1번 출구,  287m"," 4대문,남산,성곽, 한성대입구역, 인왕산, 한양도성,동대문,낙산공원,4소문","장애인 전용 주차장,장애인화장실"
"38092","ko","서울공예박물관 ","https://korean.visitseoul.net/attractions/서울공예박물관/KOP038092?utm_source=seoulopendata&utm_medium=attractions&utm_content=KOP038092"," 서울 종로구 안국동 175-112 ","03061 서울 종로구 율곡로3길 4 (안국동, 서울공예박물관) ","02-6450-7000","","http://craftmuseum.seoul.go.kr","10:00 ~ 18:00 (17:30 입장 마감) 금요일은 21:00까지 야간개관합니다.","화요일 ~ 일요일 ","월요일 (공휴일인 경우 운영) , 1월 1일","지하철 3호선 안국역 1번 출구,  141m","안국볼거리,서울가볼만한곳,비오는날데이트,서울새로생긴곳,서울공예박물관,부모님과함께,아이와함께,박물관데이트,요즘볼거리,서울역사적명소,서울박물관,종로놀거리",""
"37583","ko","서울관광플라자 관광정보센터","https://korean.visitseoul.net/attractions/서울관광플라자-관광정보센터/KOP037583?utm_source=seoulopendata&utm_medium=attractions&utm_content=KOP037583"," 서울 종로구 관철동 10-2 ","03190 종로구 청계천로 85 (삼일빌딩 1층) ","02-6365-3100","","","09:00~18:00","","※ 설, 추석 연휴 당일 휴관","지하철 1호선 종각역 4번 출구,  426m","관광안내소,서울관광플라자관광정보센터,서울관광플라자,을지로,종각,종로,관광정보센터",""
"3319","ko","서울대학교 미술관 MoA","https://korean.visitseoul.net/attractions/서울대학교-미술관-MoA/KOP003319?utm_source=seoulopendata&utm_medium=attractions&utm_content=KOP003319","151-015 서울 관악구 신림동 산 56-1 서울대학교 미술관","08826 서울 관악구 관악로 1 (신림동, 서울대학교) 서울대학교 미술관 (서울대학교 내)","02-880-9504","","http://www.snumoa.org","10:00?18:00(입장 마감 17시 30분)","화요일~일요일","-월요일  -개교기념일(10월 15일) -1월 1일 -구정, 추석 당일  -전시준비기간","지하철 신림선 관악산역 1번 출구,  571m"," 서울대학교미술관,서울대,미술관, 서울대입구역,MoA, 신림동,문화, 렘쿨하스, 서울대학교",""
"23563","ko","덕수궁돌담길","https://korean.visitseoul.net/attractions/deoksugungstreet/KOP023563?utm_source=seoulopendata&utm_medium=attractions&utm_content=KOP023563"," 서울 중구 정동 4 ","04519 서울 중구 세종대로19길 24 덕수궁 돌담길 ","","","","24시간","","","지하철 1 / 2호선 시청역 1번 출구, 168m ","서울가을명소,연인과함께,서울나들이,걷기좋은길,가을데이트코스,서울낭만적인장소,주말나들이,서울데이트코스,서울산책길,덕수궁돌담길,서울걷기좋은곳",""
"43460","ko","라플루마앤보헤미안","https://korean.visitseoul.net/attractions/2023051/KOPlzuy5x?utm_source=seoulopendata&utm_medium=attractions&utm_content=KOPlzuy5x"," 서울 성북구 안암동5가 12-71 ","02842 서울 성북구 고려대로27길 18 ","","","","월요일~금요일 12:00~17:00 ","","토요일, 일요일","지하철 6호선 안암역 2번 출구,  121m"," 커피맛집, 드립커피,바리스타,고려대, 커피, 커피명가,오래가게, 카페",""
"43472","ko","불광대장간","https://korean.visitseoul.net/attractions/2023067/KOP433ns6?utm_source=seoulopendata&utm_medium=attractions&utm_content=KOP433ns6"," 서울 은평구 대조동 80-7 ","03396 서울 은평구 통일로69길 15 (대조동) ","02-353-8543","","futureheritage.seoul.go.kr/web/investigate/aroundHeritageView.do?htId=225","월요일 ~ 토요일 08:00~18:30","","일요일","지하철 3/6호선 불광역 7번 출구,  305m"," 수제,철물,오래가게, 단조,불광동, 은평구, 도끼, 전통, 대장간, 서울미래유산, 주방칼",""
"10231","ko","서울도서관 (옛 서울시청사)","https://korean.visitseoul.net/attractions/서울도서관-옛-서울시청사-KR/KOP010231?utm_source=seoulopendata&utm_medium=attractions&utm_content=KOP010231"," 서울특별시 중구 태평로1가 31","04524 서울특별시 중구 세종대로 110 (태평로1가) ","02-2133-0300","","http://lib.seoul.go.kr/","평일 09:00 - 21:00 주말 09:00 - 18:00 ※ 자료실별 이용시간이 상이하니 자세한 운영사항은 공지사항을 참고해 주시기 바랍니다.","화요일~일요일","-월요일 -법정 공휴일 및 관공서의 공휴일 -기타 관장이 필요하다고 인정하는 날  ","지하철 1/2호선 시청역 4번 출구,  126m","문화,서울도서관,서울시청사,공공도서관,시청사통통투어,시청,도서관,을지로역,시청역,광화문","장애인화장실,접근가능,엘리베이터,장애인 안내(휠체어 대여 및 기타)"
"34149","ko","서울도시건축전시관","https://korean.visitseoul.net/attractions/서울도시건축전시관/KOP034149?utm_source=seoulopendata&utm_medium=attractions&utm_content=KOP034149"," 서울 중구 태평로1가 60-6 서울도시건축전시관","04519 서울 중구 세종대로 119 (태평로1가) ","02-736-8050","","https://sca.seoul.go.kr/seoulhour/site/urbanArch/home","10:00-18:00 (입장마감 17:30)","화요일~일요일 ","월요일(월요일이 공휴일인 경우 다음날 휴관), 1월1일","지하철 1/2호선 시청역 3번 출구,  90m","서울도시건축전시관,seoulhour,서울전시,seoulmaru,서울마루,도시, 서울데이트,건축, 서울볼거리, 전시,서울투어","장애인화장실,접근가능,엘리베이터"
"23496","ko","서울로7017","https://korean.visitseoul.net/attractions/서울로7017/KOP023496?utm_source=seoulopendata&utm_medium=attractions&utm_content=KOP023496"," 서울 중구 봉래동2가 122-14 ","04509 서울 중구 청파로 432 (봉래동2가, 코레일서울본부) ","02-313-7017","","https://parks.seoul.go.kr/template/sub/seoullo7017.do","","매일","","지하철 1호선/ 4호선/ 경의중앙선/ 공항철도 서울역 7번 출구,  148m","서울관광,서울명소,서울역,서울여름여행,서울로7017,서울여행,산책하기좋은곳,서울력고가,서울걷기좋은곳,야경,서울여름가볼만한곳,서울야경","장애인 전용 주차장,접근가능,엘리베이터,장애인 안내(휠체어 대여 및 기타),장애인화장실"
"49413","ko","서울로봇인공지능과학관(RAIM)","https://korean.visitseoul.net/attractions/RAIM/KOPb3chj1?utm_source=seoulopendata&utm_medium=attractions&utm_content=KOPb3chj1"," 서울 도봉구 창동 1-25 ","01411 서울 도봉구 마들로13길 56 (창동) ","02-920-4300","","https://science.seoul.go.kr/RAIM/index.do","09:30-17:30","","매주 월요일  신정 1월 1일, 설날/추석 당일 월요일이 공휴일인 경우 익일 휴관","지하철 1호선/4호선 창동역 1번출구, 332m","로봇체험,AI체험,로봇과학관,과학전시,서울로봇인공지능과학관,인공지능,로봇,서울RAIM,AI","장애인 전용 주차장,접근가능,엘리베이터,장애인 안내(휠체어 대여 및 기타),장애인화장실"
"49647","ko","서울백제어린이박물관","https://korean.visitseoul.net/attractions/SeoulBaekjeChildrensMuseum/KOPeenv2i?utm_source=seoulopendata&utm_medium=attractions&utm_content=KOPeenv2i"," 서울 송파구 방이동 88 ","05540 서울 송파구 올림픽로 424 서울백제어린이박물관 ","02-2152-5900","","https://baekjemuseum.seoul.go.kr/dreamvillage/","[평일] 9:00 ~ 18:00(자율관람) *17:30 입장마감 [주말 및 공휴일] 9:30 ~ 17:30(사전예약)","","매주 월요일 휴관, 1월 1일 *월요일이 휴일인 경우 정상개관","지하철 5호선/9호선 올림픽공원역 3번출구, 1.6km / 8호선 몽촌토성역 1번출구, 1.7km","서울백제어린이박물관,올림픽공원,한성백제박물관,서울고대역사,몽촌토성,유물전시","장애인화장실,접근가능"
"18897","ko","금박연","https://korean.visitseoul.net/attractions/금박연/KOP018897?utm_source=seoulopendata&utm_medium=attractions&utm_content=KOP018897"," 서울 종로구 가회동 11-18 ","03056 서울 종로구 북촌로12길 24-12 ","02-730-2067","","https://www.kumbakyeon.com/","화요일 ~ 금요일 10:00 ~ 17:00 토요일 09:00 ~ 15:00 ","","일요일, 월요일, 명절","지하철 3호선 안국역 2번 출구,  700m ","금박장식, 공예체험, 북촌, 공예,오래가게, 서울미래유산, 전통,무형문화재",""
"43615","ko","금복상회","https://korean.visitseoul.net/attractions/2023018/KOP8tfd7i?utm_source=seoulopendata&utm_medium=attractions&utm_content=KOP8tfd7i"," 서울 금천구 독산동 981-36 ","08539 서울 금천구 시흥대로146길 33 ","02-863-9127","","","","매일","없음","지하철 2호선 구로디지털단지역 6번 출구,  1.5km","독산역,봉제부속품,이름표,명찰,오래가게,구로",""
"11144","ko","디지털미디어시티","https://korean.visitseoul.net/attractions/디지털미디어시티/KOP011142?utm_source=seoulopendata&utm_medium=attractions&utm_content=KOP011142"," 서울 마포구 상암동 1612 택지개발지구 DMC","03926 서울 마포구 월드컵북로 366 (상암동, DMC 홍보관) ","","","https://www.sba.seoul.kr/kr/sbst15h1#business03","","","","지하철 6호선 / 경의중앙선 / 공항철도 디지털미디어시티역  9번 출구,  520m","디지털파빌리온, 한국문화콘텐츠센터, IT,홍대,디지털미디어시티, DMC,DMC문화공원, 누리꿈스퀘어, DMC홍보관",""
"49356","ko","롯데월드 물품보관소","https://korean.visitseoul.net/attractions/LuggageStorage24/KOPyzksyw?utm_source=seoulopendata&utm_medium=attractions&utm_content=KOPyzksyw"," 서울 송파구 잠실동 40-1 ","05554 서울 송파구 올림픽로 240 (잠실동, 롯데월드) ","","","","","","","","롯데월드 물품보관소",""
"48010","ko","명동 화교거리","https://korean.visitseoul.net/attractions/2024-myeongdongchina/KOPn4r215?utm_source=seoulopendata&utm_medium=attractions&utm_content=KOPn4r215"," 서울 중구 명동2가 107-1 ","04535 서울 중구 남대문로 52-5 ","","","","","","","지하철 4호선 명동역 5번 출구,  405m","명동,명동화교거리,중국대사관",""
"11669","ko","서울상상나라","https://korean.visitseoul.net/attractions/서울상상나라/KOP011669?utm_source=seoulopendata&utm_medium=attractions&utm_content=KOP011669","143-847 서울 광진구 능동 18 ","04991 서울 광진구 능동로 216 (서울상상나라) ","02-6450-9500","","http://www.seoulchildrensmuseum.org/main.do","화요일 ~ 일요일 10:00 ~ 18:00 (입장마감 17:00)","","-월요일 -신정 -명절연휴","지하철 7호선 어린이대공원역 1번 출구,  326m"," 체험관,문화,가족,어린이, 서울시민안전체험관, 어린이대공원역,문화공간,서울상상나라, 교육프로그램",""
"38243","ko","서울생활사박물관","https://korean.visitseoul.net/attractions/서울생활사박물관-/KOP038243?utm_source=seoulopendata&utm_medium=attractions&utm_content=KOP038243"," 서울 노원구 공릉동 622 ","01849 서울 노원구 동일로174길 27 (공릉동) 서울생활사박물관","02-3399-2900","","https://museum.seoul.go.kr/sulm/index.do","09:00 ~ 18:00","화요일~일요일","월요일","지하철 6/7호선 태릉입구역 5번 출구,  320m","서울,서울박물관,서울전시추천,비오는날,서울전시,서울가볼만한곳,서울나들이,경춘선엠티의추억,서울생활사박물관,서울아이와갈만한곳",""
"44180","ko","서울스카이","https://korean.visitseoul.net/attractions/SeoulSky/KOPowtoyc?utm_source=seoulopendata&utm_medium=attractions&utm_content=KOPowtoyc"," 서울 송파구 신천동 29 ","05551 서울 송파구 올림픽로 300 (신천동, 롯데월드타워앤드롯데월드몰) 117~123층 ","02-1661-2000","","https://seoulsky.lotteworld.com/ko/main/index.do","일~목 10:30~22:00, 금~토 10:30~23:00","","","지하철 2/8호선 잠실역 2번 출구,  311m","롯데월드타워전망대,롯데월드몰,전망대,야경,서울스카이,롯데월드타워","장애인화장실,장애인 전용 주차장,접근가능,엘리베이터,장애인 안내(휠체어 대여 및 기타)"
"43437","ko","서울스튜디오","https://korean.visitseoul.net/attractions/2023007/KOP1vsos3?utm_source=seoulopendata&utm_medium=attractions&utm_content=KOP1vsos3"," 서울 강북구 미아동 777-6 1층 서울스튜디오","01127 서울 강북구 삼양로 246 ","02-980-6970","","","월요일 ~ 금요일 09:40 ~ 19:00 토/일요일 09:40~17:00 ","","매달 2,4째주 일요일","지하철 우이신설선 삼양역 2번 출구,  150m","미아동,강북구,취업사진,오래가게,사진관,가족사진,여권사진",""
"49295","ko","남산서울타워 물품보관소","https://korean.visitseoul.net/attractions/LuggageStorage14/KOPs3winq?utm_source=seoulopendata&utm_medium=attractions&utm_content=KOPs3winq"," 서울 용산구 용산동2가 산 1-3 ","04340 서울 용산구 남산공원길 105 (용산동2가, YTN서울타워) ","","","","","","","","남산타워",""
"5668","ko","북촌동양문화박물관","https://korean.visitseoul.net/attractions/북촌동양문화박물관/KOP005667?utm_source=seoulopendata&utm_medium=attractions&utm_content=KOP005667","110-230 서울 종로구 삼청동 35-91 ","03052 서울 종로구 북촌로11길 76 ","02-723-0190","","https://blog.naver.com/baamuseum","  10:00~18:30","매일","","지하철 3호선 안국역 2번 출구,  903m","광화문,역사,안국역,동양문화,북촌동양문화박물관,전시,북촌한옥마을,문화,박물관",""
"48679","ko","서울시립 사진미술관","https://korean.visitseoul.net/attractions/SeMA-photo-museum/KOPl3j0oy?utm_source=seoulopendata&utm_medium=attractions&utm_content=KOPl3j0oy"," 서울 도봉구 창동 1-7 서울시립 사진미술관","01411 서울 도봉구 마들로13길 68 (창동) 서울시립 사진미술관","02?2124?7600","","https://sema.seoul.go.kr/","화~금 10:00-20:00 토,일,공휴일  하절기(3-10월) 10:00-19:00 동절기(11-2월) 10:00-18:00 문화가 있는 날(매월 마지막 주 수요일) 10:00-22:00","미술관 개관 : 5월 29일","1월 1일, 매주 월요일 휴관 * 월요일이 공휴일인 경우 정상 개관","지하철 1/4호선 창동역 1번출구 264m","서울전시,사진,문화,예술,창동역,서울시립사진미술관,미술관",""
"44450","ko","서울시립과학관","https://korean.visitseoul.net/attractions/SeoulScienceMuseum/KOPn1ua1r?utm_source=seoulopendata&utm_medium=attractions&utm_content=KOPn1ua1r"," 서울 노원구 하계동 21 ","01792 서울 노원구 한글비석로 160 (하계동, 서울시립과학관) ","02-970-4500","","https://science.seoul.go.kr/main","화요일~금요일 09:30~17:30","","매주 월요일 휴관, 1월 1일, 설?추석 당일","지하철7호선 하계역 2번 출구,  1.1km","과학교실,어린이,서울시립과학관,청소년,교육,과학행사,과학축제,문화행사,야간개장,과학",""
"1525","ko","서울시립미술관 (서소문본관)","https://korean.visitseoul.net/attractions/서울시립미술관/KOP001525?utm_source=seoulopendata&utm_medium=attractions&utm_content=KOP001525","100-813 서울 중구 서소문동 37 ","04515 서울 중구 덕수궁길 61 (서소문동, 서울시립미술관) ","02-2124-8800","","http://sema.seoul.go.kr ","[하절기 (3월 ~ 10월)] 화~ 목10:00~20:00 / 금 10:00-21:00 (토?일?공휴일 19:00까지)  [동절기 (11월 ~ 2월)] 화~금 10:00~20:00 / 금 10:00-21:00(토?일?공휴일 18:00까지) ※ 문화가 있는 날    - 서소문본관, 북서울미술관 : 마지막 주 수요일 10:00 - 22:00","화요일 ~ 일요일 ","월요일 / 1월 1일 ","지하철 1 / 2호선 시청역 10번 출구,  264m","미술, 광화문,갤러리, 예술,시청역,서대문역, 서소문동,정동길,덕수궁, 미술관,서울시립미술관,서울전시,문화","장애인화장실,장애인 전용 주차장,접근가능,엘리베이터,장애인 안내(휠체어 대여 및 기타)"
"4632","ko","서울약령시 한의약박물관","https://korean.visitseoul.net/attractions/한의약-박물관/KOP004632?utm_source=seoulopendata&utm_medium=attractions&utm_content=KOP004632"," 서울 동대문구 제기동 1082 ","02570 서울 동대문구 약령중앙로 26 (제기동, 서울한방진흥센터) B2","02-969-9241","","http://museum.ddm.go.kr","하절기(3월~10월) 10:00 ~ 18:00 동절기(11월~2월) 10:00 ~ 17:00 ","화~일","-월요일 (월요일이 공휴일인 경우에는 그 다음날을 휴관일로 함) -1월 1일  -설날, 추석  ","지하철 1호선 제기동역 2번 출구,  320m","한방체험,용두동,한의약박물관,한약, 한의약, 전통, 박물관,용두역,한방문화쉼터, 제기동역, 동의보감타워, 전시, 동대문",""
"2723","ko","서울역사박물관","https://korean.visitseoul.net/attractions/서울역사박물관/KOP002722?utm_source=seoulopendata&utm_medium=attractions&utm_content=KOP002722","110-062 서울 종로구 신문로2가 2-1 ","03177 서울 종로구 새문안로 55 (신문로2가, 서울역사박물관) ","02-724-0274","","https://museum.seoul.go.kr/","09:00~18:00 (입장마감 17:30) 매주 금요일 21시까지 연장운영 * 자세한 사항은 홈페이지를 참고해주세요.","화요일~일요일","-월요일  -1월 1일  ","지하철 5호선 광화문역 7번 출구,  462m 지하철 5호선 서대문역 4번 출구,  641m ","박물관, 광화문, 서대문역, 전통,문화체험,유물,경복궁역, 광화문역, 터치뮤지엄, 역사, 경희궁,서울역사박물관","장애인화장실,장애인 전용 주차장,접근가능,엘리베이터,장애인 안내(휠체어 대여 및 기타)"
"5334","ko","서울올림픽기념관","https://korean.visitseoul.net/attractions/서울올림픽기념관/KOP005333?utm_source=seoulopendata&utm_medium=attractions&utm_content=KOP005333","138-749 서울 송파구 방이동 88 올림픽회관 서울올림픽기념관","05540 서울 송파구 올림픽로 424 (방이동, 올림픽공원) ","02-410-1354~5","","http://88olympic.kspo.or.kr","2026년 재개관 예정","","","지하철 8호선 몽촌토성역 1번 출구,  282m","역사,올림픽공원,박물관,서울올림픽기념관,전시,스포츠,평창올림픽,서울올림픽회관,기념관,올림픽",""
"4867","ko","서울중앙성원","https://korean.visitseoul.net/attractions/이슬람-서울중앙성원/KOP004863?utm_source=seoulopendata&utm_medium=attractions&utm_content=KOP004863","140-895 서울 용산구 이태원동 15-34 ","04405 서울 용산구 우사단로10길 39 ","02-793-6908","","http://www.koreaislam.org","방문가능시간 10:30~17:00","","","지하철 6호선  이태원역 3번 출구,  477m"," 우사단길,한국이슬람교, 관광지,이슬람서울성원,이태원역, 이슬람교,한국이슬람교중앙회, 사원, 성지, 이슬람서울중앙성원",""
"27468","ko","대구참기름집","https://korean.visitseoul.net/attractions/대구참기름집/KOP027468?utm_source=seoulopendata&utm_medium=attractions&utm_content=KOP027468","110-800 서울 종로구 계동 79-8 ","03056 서울 종로구 계동길 67 (계동) ","02-765-3475","","","10:00~20:30","매일","없음","지하철 3호선 안국역 3번 출구,  397m","들기름,참기름,대구참기름집,미숫가루,오래가게,안국역,광화문,고춧가루",""
"32546","ko","대림시장 감자국거리","https://korean.visitseoul.net/attractions/대림시장-감자국거리/KOP032546?utm_source=seoulopendata&utm_medium=attractions&utm_content=KOP032546"," 서울 은평구 응암동 754-1 대림시장 감자국거리","03480 서울 은평구 응암로4길 26 (응암동) 대림시장 감자국거리","02-302-1666","",""," 9:00~18:00(점포별상이)","","","지하철 6호선 새절역 2번 출구,  860m"," 은평구,대림시장, 감자국거리,응암동,새절역",""
"43509","ko","대성표구사","https://korean.visitseoul.net/attractions/Daesung/KOP3iuk2x?utm_source=seoulopendata&utm_medium=attractions&utm_content=KOP3iuk2x"," 서울 용산구 한남동 736-8 ","04404 서울 용산구 이태원로 216 (한남동) ","02-794-3681","","","월요일~토요일 10:30~18:00","월요일~토요일","일요일","지하철 6호선 이태원역 3번 출구,  334m"," 이태원, 한남동, 민화,오래가게, 용산, 풍속도, 표구,액자",""
"10929","ko","대오서점","https://korean.visitseoul.net/attractions/대오서점/KOP010928?utm_source=seoulopendata&utm_medium=attractions&utm_content=KOP010928","110-805 서울 종로구 누하동 33","03036 서울특별시 종로구 자하문로7길 55  (누하동) ","02-735-1349","","","매일 12:00-21:00 ","","","지하철 3호선 경복궁역 2번 출구, 544m","아이유,가볼만한곳,서촌,대오서점,노포,상어-촬영지,서촌카페,서촌나들이",""
"24591","ko","서울중앙우체국","https://korean.visitseoul.net/attractions/Seoul-Central-Post-Office-kr/KOP024591?utm_source=seoulopendata&utm_medium=attractions&utm_content=KOP024591","100-709 서울 중구 충무로1가 21-1 ","04535 서울 중구 소공로 70 (충무로1가, 서울중앙우체국청사) ","02-6450-1114","","http://www.koreapost.go.kr/","우편업무 09:00~18:00 금융업무 09:00~16:30 ","월요일~극요일 ","","지하철 4호선 명동역 5번 출구,  329m","명동,남대문시장,타이거버스,서울중앙우체국,스카이홀,시티투어버스",""
"33825","ko","서울하수도과학관","https://korean.visitseoul.net/attractions/서울-하수도-과학관/KOP033825?utm_source=seoulopendata&utm_medium=attractions&utm_content=KOP033825"," 서울 성동구 용답동 247-6 ","04809 서울 성동구 자동차시장3길 64 (용답동) 서울하수도과학관","02-2211-2540","","http://sssmuseum.org","화요일~일요일(9:00~17:00)","","매주 월요일, 1월 1일, 설?추석 당일","지하철 5호선 장한평역 8번 출구,  1.2km"," 교육, 하수도과학관,과학, museum, 뮤지엄,과학관, 물재생센터,하수처리,환경",""
"11992","ko","서초 여행자 지원센터","https://korean.visitseoul.net/attractions/서초관광정보센터/KOP011988?utm_source=seoulopendata&utm_medium=attractions&utm_content=KOP011988","137-856 서울 서초구 서초동 1318-7 ","06615 서울특별시 서초구 서초동 1318-7 ","1800-9008","","https://tiac.or.kr/lang_kr","10:00 ~ 19:00    ※ 운영시간은 상황에 따라 변동될 수 있으며, 설날 및 추석 연휴는 휴무","","연중무휴 (설, 추석 명절당일 휴무)","지하철 2호선/ 신분당선 강남역 9번 출구,  60m","강남역,의료관광,강남역사거리,관광정보,서초관광정보센터",""
"46621","ko","석굴암","https://korean.visitseoul.net/attractions/2024-seokguram/KOPexzzw3?utm_source=seoulopendata&utm_medium=attractions&utm_content=KOPexzzw3"," 서울 종로구 옥인동 183-1 ","03034 서울 종로구 옥인동 산3-14 ","02-720-1418","","","","","","지하철 3호선 경복궁역 2번 출구, 1.7KM","수성동,불상,인왕산,사찰,석굴암",""
"37164","ko","석파정","https://korean.visitseoul.net/attractions/석파정/KOP037164?utm_source=seoulopendata&utm_medium=attractions&utm_content=KOP037164"," 서울 종로구 부암동 201 ","03021 서울 종로구 창의문로11길 4-1 ","02-395-0100","","https://seoulmuseum.org/INTRO","10:00 ~ 18:00 ","수요일 ~ 일요일 ","월요일, 화요일 (※ 내부 공사 및 차기 전시를 위해 02/26 ~ 05/31 휴무)","지하철 3호선 경복궁역 3번출구,  1020, 1711, 7016, 7018버스승차,  자하문터널 입구 하차","미술관,역사적명소,정원,미술,석파정",""
"1414","ko","선정릉(선릉)","https://korean.visitseoul.net/attractions/선정릉선릉/KOP001414?utm_source=seoulopendata&utm_medium=attractions&utm_content=KOP001414","135-090 서울시 강남구 삼성동 135-4 ","06153 서울특별시 강남구 선릉로100길 1 (삼성동) ","02-568-1291","","http://royaltombs.cha.go.kr/html/HtmlPage.do?pg=/new/html/portal_01_08_01.jsp&mn=RT_01_08","06:00 ~ 21:00 (3월 ~ 10월) 06:00 ~ 17:30 (11월 ~ 1월) 06:00 ~ 18:00 (2월)","화~일","월요일","지하철 2호선 /수인분당선 선릉역 10번 출구,  444m 지하철 9호선/ 수인분당선 선정릉역 3번출구,  1,000m","서울공원,선릉역,공원데이트,서울역사적명소,선정릉,선릉데이트장소,문화유산,도시속유네스코,서울가볼만한곳,서울데이트장소추천,선릉,전릉,세계문화유산","장애인화장실,장애인 전용 주차장,접근가능,장애인 안내(휠체어 대여 및 기타)"
"28329","ko","독수리다방","https://korean.visitseoul.net/attractions/독수리다방/KOP028329?utm_source=seoulopendata&utm_medium=attractions&utm_content=KOP028329"," 서울 서대문구 창천동 31-4 ","03776 서울 서대문구 연세로 36 독수리빌딩 8층 ","02-363-1222","","https://www.instagram.com/dokdabang/#","11:00~23:30","매일","없음","지하철 2호선 신촌역 3번 출구, 360m","오래가게,카페,커피,엔티크,연세대,신촌,서울미래유산",""
"49200","ko","돈의문박물관마을 물품보관소","https://korean.visitseoul.net/attractions/LuggageStorage５/KOPeuqxxg?utm_source=seoulopendata&utm_medium=attractions&utm_content=KOPeuqxxg"," 서울 종로구 신문로2가 170 ","03178 서울 종로구 새문안로 39 (신문로2가) ","","","","","","","","돈의문박물관마을 물품보관소",""
"19924","ko","뮤지엄김치간","https://korean.visitseoul.net/attractions/뮤지엄김치간/KOP019924?utm_source=seoulopendata&utm_medium=attractions&utm_content=KOP019924","110-300 서울 종로구 관훈동 196-10 ","03149 서울 종로구 인사동길 35-4 (관훈동) ","02-2088-8531","","https://www.kimchikan.com/","10:00~18:00 ","화요일~일요일","-월요일 -1월 1일 -설날, 추석 연휴 -크리스마스 ","지하철 3호선 안국역 6번 출구, 394m","안국역,박물관,뮤지엄김치간,김치,종각역,광화문,김치체험관,김치만들기,김치박물관,김치전시",""
"43449","ko","설화철물","https://korean.visitseoul.net/attractions/2023026/KOP56qewe?utm_source=seoulopendata&utm_medium=attractions&utm_content=KOP56qewe"," 서울 동작구 사당동 318-13 ","07011 서울 동작구 사당로16길 7 (사당동) ","02-582-1971","","","6:30~18:30","매일","없음","지하철 7호선 남성역 1번 출구,  250m ","철물점,공구,건축자재판매,사당동,오래가게,동작구",""
"1910","ko","성곡미술관","https://korean.visitseoul.net/attractions/성곡미술관/KOP001907?utm_source=seoulopendata&utm_medium=attractions&utm_content=KOP001907","110-062 서울 종로구 신문로2가 1-101 ","03175 서울 종로구 경희궁길 42 (신문로2가, 성곡미술관) ","02-737-7650","","http://www.sungkokmuseum.org","10:00~18:00 (입장 마감 Last Ticketing 17:30)","화요일 ~ 일요일","월요일 ","지하철 3호선 경복궁역 7번 출구,  611m"," 찻집, 광화문역, 김성곤, 카페찻집,한국미술, 전시,성곡미술관,미술, 미술관, 야외조각공원, 광화문, 경복궁역",""
"3177","ko","성균관 명륜당","https://korean.visitseoul.net/attractions/성균관-명륜당/KOP003176?utm_source=seoulopendata&utm_medium=attractions&utm_content=KOP003176","110-812 서울 종로구 명륜동3가 53","03063 서울특별시 종로구 성균관로 25-1 ","02-760-1472","",""," 하절기(3월~10월) : 09:00 ~ 18:00  동절기(11월~2월) : 09:00 ~ 17:00","","","지하철 4호선 혜화역 4번 출구,  833m","역사, 성균관대학교,명륜당,성균관명륜당,인문사회과학캠퍼스, 유적지, 명륜당은행나무,혜화역",""
"19656","ko","성균관대학교","https://korean.visitseoul.net/attractions/성균관대학교/KOP019656?utm_source=seoulopendata&utm_medium=attractions&utm_content=KOP019656","110-745 서울 종로구 명륜3가 53-21 ","03063 서울 종로구 성균관로 25-2 (명륜3가, 성균관대학교) ","02-760-0114","","http://www.skku.edu/","","","","지하철 4호선 혜화역 4번 출구,  1.2km","명륜당, 광화문,성균관, 혜화역, 성균관대, 성균관대학교, 대학로",""
"47249","ko","성수구름다리","https://korean.visitseoul.net/attractions/2024-gureumdari/KOPouf85a?utm_source=seoulopendata&utm_medium=attractions&utm_content=KOPouf85a"," 서울 성동구 성수동1가 642-25 ","04770 서울 성동구 강변북로 257  ","","","","","","","지하철 수인분당선 서울숲역 3번 출구,  699m","성수,성수구름다리,노을명소,야경명소,서울야경명소",""
"33828","ko","성신여대 복식박물관 및 자연사박물관","https://korean.visitseoul.net/attractions/성신여대-복식박물관-및-자연사박물관/KOP033828?utm_source=seoulopendata&utm_medium=attractions&utm_content=KOP033828"," 서울 강북구 미아동 147 ","01133 서울 강북구 도봉로76가길 55 (미아동, 성신여자대학교운정그린캠퍼스) 운정그린캠퍼스 B1","복식박물관:  02-920-2657 / 자연사박물관: 02-920-7890 ","","https://www.sungshin.ac.kr/sites/museum/index.do","월~토: 10:00~17:00 (일요일, 법정공휴일 휴관)","","","지하철 4호선 미아역 1번 출구,  500m","성신여대 복식박물관,자연사박물관",""
"43474","ko","동부고려제과","https://korean.visitseoul.net/attractions/2023113/KOPusfd76?utm_source=seoulopendata&utm_medium=attractions&utm_content=KOPusfd76"," 서울 중랑구 망우동 563 ","02163 서울 중랑구 망우로 388 ","02-433-1783","","","06:30~00:30","매일","","지하철 경의중앙/경춘선 망우역 1번 출구, 309m ","소화잘되는빵,서울미래유산,오래가게,망우동,동네빵집,제과점,상봉역,천연발효,빵",""
"49351","ko","두타몰 물품보관소","https://korean.visitseoul.net/attractions/LuggageStorage23/KOPrcoic6?utm_source=seoulopendata&utm_medium=attractions&utm_content=KOPrcoic6"," 서울 중구 을지로6가 18-12 ","04563 서울 중구 장충단로 275 (을지로6가, 두산타워빌딩) ","","","","","","","","두타몰 물품보관소",""
"43443","ko","등촌 최월선칼국수","https://korean.visitseoul.net/attractions/2023011/KOPof5zcz?utm_source=seoulopendata&utm_medium=attractions&utm_content=KOPof5zcz"," 서울 강서구 등촌동 654-95 ","07571 서울 강서구 화곡로64길 68  ","02-3661-2744","","","평일 11:30~15:00, 16:00~21:30 / 주말 11:30~16:00, 17:00~21:30","매일","없음","지하철 9호선 증미역 4번 출구,  580m","김포공항,국물,면요리,한식,오래가게,칼국수",""
"29716","ko","성우이용원","https://korean.visitseoul.net/attractions/성우이용원/KOP029716?utm_source=seoulopendata&utm_medium=attractions&utm_content=KOP029716"," 서울 마포구 공덕동 7-30 ","04183 서울 마포구 효창원로97길 4-1 ","02-714-2968","","futureheritage.seoul.go.kr/web/investigate/aroundHeritageView.do?htId=171","09:00~18:00","월요일~화요일, 목요일~일요일","수요일","지하철 5호선 애오개역 4번 출구,  927m"," 청파동, 서울역, 공덕, 바버샵,남성전문, 서울미래유산,오래가게, 이용원, 이발소",""
"46879","ko","성원전주콩나물국밥","https://korean.visitseoul.net/attractions/SeongwonJeonjuKongnamulGukbap/KOPwmqzyh?utm_source=seoulopendata&utm_medium=attractions&utm_content=KOPwmqzyh"," 서울 중구 명동2가 4-1 ","04537 서울 중구 명동10길 19-10 (명동2가) ","02-777-4284","","","11:00~22:00","매일 ","","지하철 4호선 명동역 8번 출구,  269m","오래가게,명동,콩나물국밥",""
"2395","ko","세검정","https://korean.visitseoul.net/attractions/세검정/KOP002395?utm_source=seoulopendata&utm_medium=attractions&utm_content=KOP002395","110-010 서울 종로구 신영동 168-6","03018 서울특별시 종로구 세검정로 244 (세검정) ","","","","","","","지하철 3호선 홍제역 1번 출구, 유진상가 정류장에서 110A고려대 간선버스 승차, 세검정.상명대 정류장에서 하차, 85m ","상명대학교,홍제역,유적지,세검정,인조반정",""
"24645","ko","세빛섬","https://korean.visitseoul.net/attractions/some-sevit-kr/KOP024645?utm_source=seoulopendata&utm_medium=attractions&utm_content=KOP024645"," 서울 서초구 반포동 650 ","06500 서울 서초구 올림픽대로 2085-14 (반포동) ","1566-3433","","http://www.somesevit.co.kr/kr/index.do","11:00 ~ 22:00","월~일","연중무휴","지하철 3/7/9호선 고속터미널역  8-1번 출구,  650m"," 세빛섬,수상문화공간,강남,야경,이벤트,공연, 인공섬,한강,전시,야간명소",""
"23561","ko","세운상가","https://korean.visitseoul.net/attractions/sewoonplaza/KOP023561?utm_source=seoulopendata&utm_medium=attractions&utm_content=KOP023561","110-430 서울 종로구 장사동 116-4 ","03194 서울 종로구 청계천로 159 (장사동, 세운상가) ","02-2271-2344","","http://sewoonplaza.com/","09:00 ~ 19:00 (상점마다 상이함)","월요일 ~ 토요일","일요일, 공휴일 ","지하철 1/3/5호선 종로3가역 12번 출구,  280m ","서울투어,서울핫플,종로,종로3가역,을지로핫플,서울명소,서울가볼만한곳,세운상가,을지로명소,을지로데이트,힙지로,서울놀거리,종로데이트,종로가볼만한곳,세운상가옥상,을지로",""
"37890","ko","세운청계상가","https://korean.visitseoul.net/attractions/세운청계상가/KOP037890?utm_source=seoulopendata&utm_medium=attractions&utm_content=KOP037890"," 서울 중구 산림동 207-1 ","04545 서울 중구 청계천로 160 (산림동, 세운청계상가) ","02-2264-8511","","","","","","지하철 2/ 5호선 을지로4가역 3번 출구,  300m","을지로카페,맛집,한국드라마,서울,종로,드라마속여행지,서울명소,빈센조,세운상가,서울핫플,드라마촬영지,세운청계상가,을지로,카페",""
"1747","ko","소극장 산울림","https://korean.visitseoul.net/attractions/산울림소극장/KOP001747?utm_source=seoulopendata&utm_medium=attractions&utm_content=KOP001747","  ","04052 서울 마포구 와우산로 157 ","02-334-5915","","http://www.sanwoollim.kr/","10:00~22:00","월요일, 수요일~일요일","화요일","지하철 2호선/공항철도/경의중앙선  홍대입구역  6번 출구,  327m"," 관람, 마포, 홍대, 소극장,오래가게, 공연, 문화생활, 서교동,연극",""
"23758","ko","소덕문 터(옛 서소문)","https://korean.visitseoul.net/attractions/소덕문-터옛-서소문/KOP023758?utm_source=seoulopendata&utm_medium=attractions&utm_content=KOP023758","100-814 서울 중구 서소문동 58-25 ","04513 서울 중구 서소문로 100 (중앙일보 구관) ","02-120","","","24시간","","연중무휴","지하철 1/ 2호선 시청역 9번 출구,  300m","성문, 소문, 문화재, 광화문,소덕문,시청역,옛서소문, 소덕문터,소의문",""
"46881","ko","손가네닭한마리","https://korean.visitseoul.net/attractions/SonganeDakhanmari/KOPmpzvsl?utm_source=seoulopendata&utm_medium=attractions&utm_content=KOPmpzvsl"," 서울 종로구 숭인동 201-13 ","03115 서울 종로구 종로66가길 10 (숭인동, 유림빌딩) ","0507-1345-9065","","","월요일~금요일 12:00~22:00 토요일 12:00~21:00 (15:00~17:00 브레이크타임)","","일요일","지하철 1/2/우이신설선  신설동역  11번 출구,  392m","신설동,닭한마리,오래가게",""
"50802","ko","마포옥","https://korean.visitseoul.net/attractions/MapoOk/KOPl6vvmp?utm_source=seoulopendata&utm_medium=attractions&utm_content=KOPl6vvmp"," 서울 마포구 용강동 50-13 ","04165 서울특별시 마포구 토정로 312 1층 ","02-716-6661","","","7:00~21:00","매일","","지하철 5호선 마포역 1번 출구, 263m","오래가게,설렁탕,마포,미래유산,용강동",""
"43451","ko","사하라","https://korean.visitseoul.net/attractions/2023030/KOPq9l4ap?utm_source=seoulopendata&utm_medium=attractions&utm_content=KOPq9l4ap"," 서울 마포구 공덕동 256-13 ","04214 서울 마포구 만리재로 15 제일빌딩 지하1층 2호 ","02-719-8338","","","17:30~02:00 ","월요일 ~ 토요일 ","일요일, 공휴일","지하철 5 / 6호선 / 공항철도 / 경의중앙선  공덕역  5번 출구,  100m ","마포,요리주점,7080라이브,주점,오래가게,공덕",""
"50884","ko","석교식당 ","https://korean.visitseoul.net/attractions/SeokgyoRestaurant/KOPv5rscz?utm_source=seoulopendata&utm_medium=attractions&utm_content=KOPv5rscz"," 서울 서대문구 영천동 331 ","03734 서울 서대문구 통일로 185 (영천동) ","02-363-2803","","","06:00~21:00","매일","","지하철 3호선 독립문역 4번 출구, 515m 지하철 5호선 서대문역 2번 출구, 583m","오래가게,순대국,영천시장,안산,인왕산,은평",""
"6996","ko","손기정기념관","https://korean.visitseoul.net/attractions/손기정기념관/KOP006995?utm_source=seoulopendata&utm_medium=attractions&utm_content=KOP006995","100-372 서울 중구 만리동2가 6-1 6-1","04501 서울 중구 손기정로 101 (손기정 체육공원) ","02-364-1936(내선 1번)","","http://www.sonkeechung.com","10:00 ~18:00 (입장은 마감시간 1시간 전까지)","","월 (단 월요일이 공휴일인 경우 그 다음날), 1월 1일, 설날, 추석, 기타 별도로 정하는 휴관일","지하철 2호선 충정로역 5번 출구,  753m","김구,손기정기념관,박물관,손기정,금메달,만리동,마라톤,서울역,손기정체육공원,베를린올림픽,충정로역,기념관,일제강점기,이승만",""
"26955","ko","송림수제화","https://korean.visitseoul.net/attractions/송림수제화/KOP026955?utm_source=seoulopendata&utm_medium=attractions&utm_content=KOP026955"," 서울 중구 을지로3가 5-10 ","04543 서울특별시 중구 수표로 60-1 (을지로3가 5-10)3~4층 ","02-2279-8054/1910","","http://www.songlim1936.com/main/main.asp","월요일 ~ 금요일 10:00 ~ 18:00 토요일/공휴일 10:00 ~ 17:00","월요일 ~ 토요일","일요일","지하철 2/3호선 을지로3가역 2번 출구,  43m","오래가게,서울미래유산,맞춤화,등산화,트레킹화,수제화",""
"3778","ko","송은(SONGEUN)","https://korean.visitseoul.net/attractions/송은갤러리/KOP003778?utm_source=seoulopendata&utm_medium=attractions&utm_content=KOP003778"," 서울 강남구 청담동 92-9 ","06016 서울 강남구 도산대로 441 (청담동) ","02-3448-0100","","","11:00~18:30","월~토","-일요일 -공휴일 ＊전시별 관람시간 확인요망","지하철 수인분당선  압구정로데오역  4번 출구,  637m","전시, 미술관, 예술, 강남,송은, 송은 문화재단,미술,청담동,압구정로데오역","장애인 전용 주차장,엘리베이터,장애인화장실"
"27193","ko","송파관광정보센터","https://korean.visitseoul.net/attractions/송파관광정보센터/KOP027193?utm_source=seoulopendata&utm_medium=attractions&utm_content=KOP027193","138-240 서울 송파구 신천동 32 ","05617 서울 송파구 잠실로 180 (신천동, 송파관광정보센터) ","+82-2-421-0970~1","","","10:00~18:00","","설, 추석명절 휴무","지하철 2/ 8호선 잠실역 2번 출구,  470m","송파,사랑의자물쇠,사랑의우체통,크로마키,송파관광정보센터,관광객,관광안내","장애인 안내(휠체어 대여 및 기타)"
"23760","ko","숙정문","https://korean.visitseoul.net/attractions/sookjeongmun/KOP023760?utm_source=seoulopendata&utm_medium=attractions&utm_content=KOP023760","136-822 서울 성북구 성북동 산 25-1 ","02822 서울 성북구 대사관로 1 (성북동, 홍련사(조계종)) ","02-747-2153","","","09:00 ~ 16:00하절기(3~10월) / 퇴장시간-18:00 10:00 ~ 15:00동절기(11~2월) / 퇴장시간-17:00","화요일~일요일","월요일 (월요일이 공휴일인 경우 화요일 휴관)","지하철 3호선 경복궁역 3번 출구,  710번 간선버스 승차, 방송통신대,이화장 정류장 하차 후 2112번 지선버스 승차, 서울다원학교.한용운활동터 정류장에서 하차,  820m ","서울사대문,주말나들이,사적제10호,안국역,광화문,한양도성,도심속문화재,한양도성순성길,서울산책,서울문화재,경복궁역,북대문,숙정문,서울성곽",""
"1932","ko","순라길","https://korean.visitseoul.net/attractions/순라길/KOP001932?utm_source=seoulopendata&utm_medium=attractions&utm_content=KOP001932","110-380 서울시 종로구 권농동 113 일대  원남동 151-6번지에서 인의동 90-5번지","03134 서울시 종로구 서순라길 161 (권농동) 일대 ","02-120","","","","","","지하철 1/3/5호선 종로3가역 7번 출구,  471m","광화문,종로,목길,순라길,문화공간,안국역,역사문학탐방로",""
"49314","ko","명동역 물품보관소","https://korean.visitseoul.net/attractions/LuggageStorage15/KOPsk1gs6?utm_source=seoulopendata&utm_medium=attractions&utm_content=KOPsk1gs6"," 서울 중구 충무로2가 109-2 ","04629 서울 중구 퇴계로 지하 126 (충무로2가, 명동역 4호선) ","","","","","","","","명동역",""
"4513","ko","사육신공원","https://korean.visitseoul.net/attractions/사육신공원/KOP004513?utm_source=seoulopendata&utm_medium=attractions&utm_content=KOP004513","156-801 서울 동작구 노량진동 152-3 ","06902 서울 동작구 노량진로 191 (노량진동, 사육신묘지공원) ","02-813-2130","","https://parks.seoul.go.kr/parks/detailView.do?pIdx=103#","09:00~18:00 ","","","지하철 9호선 노들역 1번 출구,  432m","노량진역,노들역,한강대교,문화유산,노량진,여의도,유형문화재8번,사육신,사육신묘,세조",""
"26193","ko","순희네 반찬","https://korean.visitseoul.net/attractions/순희네반찬/KOP026193?utm_source=seoulopendata&utm_medium=attractions&utm_content=KOP026193","  ","03195 서울 종로구 창경궁로 88 1층 광장시장 65-1 ","02-2279-1885","","","09:00~21:00","매일","없음","지하철 1호선 종로5가역 8번 출구,  217m"," 광장시장, 게장,오래가게,젓갈, 종로,반찬",""
"22888","ko","숭례문(남대문)","https://korean.visitseoul.net/attractions/Sungnyemun/KOP022888?utm_source=seoulopendata&utm_medium=attractions&utm_content=KOP022888","100-094 서울 중구 남대문로4가 29 ","04528 서울 중구 세종대로 40 (숭례문(남대문)) ","02-779-8547","","","화요일~일요일 09:00-18:00 ","화요일~일요일","월요일 ","지하철 1/4호선/ 경의중앙선/ 공항철도 서울역 4번 출구,  258m 지하철 4호선 회현역 5번 출구,  403m ","서울볼거리, 서울관광,  회현역, 목조건물,숭례문, 국보제1호, 문화재,국보,한국문화재,서울문화재,남대문,서울여행,광화문,서울사대문",""
"29578","ko","쉼박물관","https://korean.visitseoul.net/attractions/쉼박물관/KOP029578?utm_source=seoulopendata&utm_medium=attractions&utm_content=KOP029578","110-020 서울 종로구 홍지동 36-20 ","03015 서울 종로구 세검정로 209-17 (쉼박물관) ","02-396-9277","","http://museeshuim.com/","평일 10:00~18:00 토요일 10:00~18:00 일요일 14:00~19:00","","","지하철 3호선 경복궁역 3번 출구, 0212, 1020, 1711, 7016, 7018, 7022(상명대입구 하차). 지하철 5호선 광화문역 3번 출구 교보빌딩 앞, 0212, 1020, 1711, 7016, 7018(상명대입구 하차)."," 기획전, 휴식, 전시실, 현대예술, 경복궁역,홍지동,예술, 보존,쉼박물관,광화문역,문화",""
"1442","ko","스페이스 씨","https://korean.visitseoul.net/attractions/스페이스-씨/KOP001441?utm_source=seoulopendata&utm_medium=attractions&utm_content=KOP001441","135-120 서울 강남구 신사동 627-8 스페이스씨","06024 서울특별시 강남구 언주로 827, 스페이스씨 (신사동) ","02-547-9177","","http://www.spacec.co.kr/","화~금  - 11:00~18:00 ","화요일~금요일","토요일, 일요일, 월요일, 1월1일, 설 및 추석 연휴, 기타 기관장이 정하는 임시 휴일","지하철 3호선 압구정역 3번 출구,   567m"," 압구정역,문화,전시,스페이스씨,박물관,화장품,코리아나화장품, 강남,화장박물관, 미술관 ,문화공간, 코리아나, 복합문화공간","장애인 전용 주차장,접근가능,엘리베이터"
"50346","ko","스페이스K 서울","https://korean.visitseoul.net/attractions/spaceK/KOP4khc7y?utm_source=seoulopendata&utm_medium=attractions&utm_content=KOP4khc7y"," 서울 강서구 마곡동 772 ","07802 서울 강서구 마곡중앙8로 32 (마곡동, 스페이스K 서울) ","02-3665-8918","","https://www.spacek.co.kr/index.do","10:00-18:00","월요일-토요일","일요일","지하철 5호선 마곡역 3번출구, 393m 지하철 9호선/공항철도 마곡나루역 4번출구, 689m","서울 전시관,마곡 볼거리,서울전시,비영리 미술관,문화예술,스페이스K 서울,전시관람",""
"43490","ko","승진완구	","https://korean.visitseoul.net/attractions/2023100/KOPpp5dae?utm_source=seoulopendata&utm_medium=attractions&utm_content=KOPpp5dae"," 서울 종로구 창신동 390-3 ","03120 서울 종로구 종로52길 30 ","02-747-1900","","","09:00 - 18:00","매일","신정 및 구정, 추석 당일 휴무","지하철 1/6호선 동묘앞역 6번 출구,  174m"," 레고,장난감,교육용완구, 도매상, 동대문,오래가게, 자동차장난감",""
"5060","ko","신당창작아케이드","https://korean.visitseoul.net/attractions/신당창작아케이드/KOP005060?utm_source=seoulopendata&utm_medium=attractions&utm_content=KOP005060","100-868 서울 중구 황학동 119 신당지하쇼핑센터","04571 서울 중구 마장로 87 (황학동) 신당지하쇼핑센터","02-2232-8833","","https://www.sfac.or.kr/artspace/artspace/sindang_main.do","작가공방 9:00~20:00 공동작업장?사진실 9:00~22:00 아트마켓 9:00~18:00","","작가공방, 공동작업장, 사진실 연중무휴 아트마켓 토?일요일 휴관","지하철 2/ 6호선 신당역 2번 출구,  336m","신당창작아케이드,신당역,신당지하쇼핑센터,문화체험,동대문,전시,미술관,아트마켓,서울시창작공간,황학동",""
"43440","ko","신락원","https://korean.visitseoul.net/attractions/2023020/KOP1rnlut?utm_source=seoulopendata&utm_medium=attractions&utm_content=KOP1rnlut"," 서울 동대문구 전농동 60-32 ","02506 서울 동대문구 전농로20길 2 (전농동) ","02-2244-0008","","","11:30-22:00 / 일요일 11:30-21:00 (휴게시간 15:00~17:00)","","월요일 정기휴무","지하철 1호선/ 수인분당선/ 경의중앙선  청량리역 3번 출구,  1.1km","오래가게, 중식,중화요리,짜장면, 청량리, 서울시립대",""
"49331","ko","신세계백화점 물품보관소","https://korean.visitseoul.net/attractions/LuggageStorage19/KOPjrzt3t?utm_source=seoulopendata&utm_medium=attractions&utm_content=KOPjrzt3t"," 서울 중구 충무로1가 54 ","04530 서울 중구 퇴계로 77 (충무로1가, 신세계백화점) ","","","","","","","","신세계백화점 물품보관소",""
"46311","ko","신아기념관","https://korean.visitseoul.net/attractions/2024-shina/KOPjkm9y3?utm_source=seoulopendata&utm_medium=attractions&utm_content=KOPjkm9y3"," 서울 중구 정동 1-28 ","04518 서울 중구 정동길 33 (정동, 신아일보) ","02-777-9875","","","업체별 상이","업체별 상이","","지하철 1/2호선 시청역 12번 출구,  507m","신아기념관,대한민국근현대사,덕수궁돌담길,정동,덕수궁,정동길",""
"50877","ko","서부감자국 ","https://korean.visitseoul.net/attractions/SeobuGamjaguk/KOP9a9oj8?utm_source=seoulopendata&utm_medium=attractions&utm_content=KOP9a9oj8"," 서울 은평구 녹번동 181 ","03384 서울 은평구 서오릉로 8 (녹번동) ","02-356-4555","","","11:00~23:00","매일","","지하철 6호선 역촌역 3번 출구, 600m","오래가게,감자국,감자탕,김치,응암동감자국거리,응암동,은평,해장",""
"43476","ko","서울레코드","https://korean.visitseoul.net/attractions/2023096/KOPrf5phm?utm_source=seoulopendata&utm_medium=attractions&utm_content=KOPrf5phm"," 서울 종로구 종로3가 169-1 ","03193 서울 종로구 종로 154 ","02-2265-9298","","https://www.seoulrecord.co.kr/","10:00~19:30","매일","없음","지하철 1/3/5호선 종로3가역 12번 출구,  160m"," 종로, 블루레이, 음반, 테이프, 레코드, CD,오래가게, LP",""
"48426","ko","손기정문화도서관","https://korean.visitseoul.net/attractions/junggulibrary/KOPa2rvwq?utm_source=seoulopendata&utm_medium=attractions&utm_content=KOPa2rvwq"," 서울 중구 만리동2가 6-1 ","04501 서울 중구 손기정로 101 (손기정공원) ","0507-1382-2950","","https://www.junggulib.or.kr/index.do","9:00 ~22:00","화 ~ 일","월","지하철 1/ 4호선/ 공항철도/경의중앙선 서울역 15번 출구,  720m","서울역놀거리,손기정공원,서울도서관",""
"6307","ko","신안촌","https://korean.visitseoul.net/attractions/신안촌-KR/KOP006304?utm_source=seoulopendata&utm_medium=attractions&utm_content=KOP006304","110-053 서울특별시 종로구 내자동 152","03169 서울특별시 종로구 사직로12길 8 (내자동) ","0507-1418-7744","","","평일 11:45~15:00 / 17:00~21:40 토요일 12:00~19: 00","월요일~토요일","매주 일요일, 명절 휴무","지하철 3호선 경복궁역 7번 출구,  130m ","홍어,한식,낙지연포탕,홍어맛집,신안촌,낙지,남도음식,경복궁맛집",""
"27231","ko","신촌역사 관광안내소","https://korean.visitseoul.net/attractions/신촌역사-관광안내소/KOP027231?utm_source=seoulopendata&utm_medium=attractions&utm_content=KOP027231","120-140 서울 서대문구 신촌동 74-12 ","03765 서울 서대문구 신촌역로 30 (신촌동, 신촌민자역사) 신촌역사 내","+82-2-363-7833","","http://www.sta.or.kr","10:00~19:00 (KST)","","설, 추석 당일 휴무","지하철 경의중앙선 신촌역 1번 출구,  30m","신촌역사-관광안내소,이대,안내,신촌,안내소,관광안내소,여행,구신촌역사",""
"43612","ko","신흥상회","https://korean.visitseoul.net/attractions/2023054/KOP8fihkt?utm_source=seoulopendata&utm_medium=attractions&utm_content=KOP8fihkt","  ","07299 서울 영등포구 도림로126길 1 (문래동3가) ","0507-1386-4461","","","월요일~금요일 06:00~23:00 토요일~일요일 10:00~22:00  ","매일","없음","지하철 2호선 문래역 7번 출구,  515m "," 영등포, 문래동, 문래창작촌, 간단안주, 슈퍼, 가맥,오래가게, 문래철공단지",""
"43462","ko","쌍마스튜디오","https://korean.visitseoul.net/attractions/2023057/KOPb4qyjm?utm_source=seoulopendata&utm_medium=attractions&utm_content=KOPb4qyjm"," 서울 영등포구 여의도동 24-5 ","07327 서울 영등포구 여의나루로 81 (여의도동, 한마루빌딩) ","02-786-7800","","https://www.ssangma.net/","월요일-금요일 09:00~19:00 토요일 10:00~16:00","월요일~토요일","일요일","지하철 5/9호선 여의도역 3번 출구,  484m","여의도,프로필사진,연예인사진관,사진관,오래가게,증명사진",""
"43456","ko","아다모스튜디오","https://korean.visitseoul.net/attractions/2023046/KOP5dtalk?utm_source=seoulopendata&utm_medium=attractions&utm_content=KOP5dtalk"," 서울 성동구 성수동1가 72-8 ","04780 서울 성동구 성수일로 10 (성수동1가, 서울숲 ITCT 지식산업센터) B 104호","02-466-3380","","www.adamostudio.co.kr","화요일~금요일 10:30~19:00 (휴게시간 12:30~13:30)  토요일 10:30~16:00 (휴게시간 12:30~13:30)","화요일~금요일","월요일, 일요일","지하철 2호선 성수역 4번 출구,  991m","옷수선, 성수, 모피, 뚝섬,밍크, 건대입구,오래가게, 명품옷수선",""
"2388","ko","아라리오갤러리 서울","https://korean.visitseoul.net/attractions/아라리오갤러리/KOP002388?utm_source=seoulopendata&utm_medium=attractions&utm_content=KOP002388"," 서울 종로구 원서동 228 ","03058 서울 종로구 율곡로 85 아라리오갤러리 ","02-541-5701","","http://www.arariogallery.com/","11:00~18:00","화요일 - 토요일","일요일, 월요일","지하철 3호선 안국역 3번 출구,  180m","화랑,아라리오,미술,문화,아라리오갤러리,종로,갤러리,현대미술,광화문,전시,삼청동,예술,서울전시,북촌",""
"20731","ko","아라리오뮤지엄 인 스페이스","https://korean.visitseoul.net/attractions/아라리오뮤지엄-인-스페이스/KOP020731?utm_source=seoulopendata&utm_medium=attractions&utm_content=KOP020731","110-280 서울 종로구 원서동 219 ","03058 서울 종로구 율곡로 83 (원서동) ","02-736-5700","","http://www.arariomuseum.org/main.php","10:00~19:00 (입장마감 18:00)","화~일","월요일","지하철 3호선 안국역 3번 출구,  181m"," 아트뮤지엄,뮤지엄, 미술관,아라리오,문화공간, 전시, 아라리오뮤지엄, 안국역, 예술, 현대미술",""
"18992","ko","아르코 미술관","https://korean.visitseoul.net/attractions/아르코-미술관/KOP018992?utm_source=seoulopendata&utm_medium=attractions&utm_content=KOP018992","110-809 서울 종로구 동숭동 1-130 ","03087 서울 종로구 동숭길 3 (동숭동, 한국문화예술진흥원) ","02-760-4850","","https://www.arko.or.kr/artcenter/","11:00 ~ 19:00 (입장마감 18:30)","화요일~일요일","-월요일 -1월 1일 -설날, 추석 당일","지하철 4호선 혜화역 2번 출구,  138m"," 미술관, 동대문, 아르코미술관, 한국문화예술진흥원, 전시, 그림,문화,혜화역,동숭동,서울전시, 대학로",""
"4471","ko","아름다운 차박물관","https://korean.visitseoul.net/attractions/아름다운-차박물관/KOP004467?utm_source=seoulopendata&utm_medium=attractions&utm_content=KOP004467","110-290 서울 종로구 인사동 193-1 193-1번지","03162 서울 종로구 인사동길 19-11 ","02-735-6678","","","11:30 - 20:00","월요일 ~ 일요일 ","연중무휴","지하철 1/3/5호선 종로3가역 5번 출구,  241m","박물관, 차박물관, 전통, 광광지, 종로3가역,광화문,안국역, 도자기, 종각역,퓨전차, 문화",""
"25016","ko","아원공방","https://korean.visitseoul.net/attractions/awon-made-kr/KOP025016?utm_source=seoulopendata&utm_medium=attractions&utm_content=KOP025016"," 서울 종로구 소격동 143 ","03053 서울 종로구 북촌로5가길 3 ","02-735-3482","","https://www.ah-won.com/","10:00 - 19:00 ","화요일~일요일","월요일","지하철 3호선 안국역 2번 출구,  528m"," 전시,오래가게, 금속공예, 종로, 수제, 인테리어소품샵, 갤러리, 삼청동",""
"46789","ko","아트사이드 갤러리","https://korean.visitseoul.net/attractions/2024-artside/KOP72zzo1?utm_source=seoulopendata&utm_medium=attractions&utm_content=KOP72zzo1"," 서울 종로구 통의동 32 ","03044 서울 종로구 자하문로6길 15 (통의동, 갤러리 아트싸이드) ","02-725-1020","","https://artside.org/","화요일~토요일 10:00~18:00","","일요일,월요일 정기휴무 9/16~18 추석 연휴 휴무","지하철 3호선 경복궁역 3번 출구,  282m","갤러리,전시,아트사이드갤러리,서촌,미술관",""
"2406","ko","아트선재센터","https://korean.visitseoul.net/attractions/아트선재센터/KOP002405?utm_source=seoulopendata&utm_medium=attractions&utm_content=KOP002405","110-200 서울 종로구 소격동 144-2 144-2","03062 서울 종로구 율곡로3길 87 (소격동, 아트선재센타) ","02-733-8949","","http://www.artsonje.org/","12:00~19:00","화요일~일요일","-월요일 -1월 1일 -설날, 추석 연휴","지하철 3호선 안국역 1번 출구,  709m","광화문,박물관,현대미술,행위예술,아트선재센터,음악회,관광지,안국역,미술관,씨네코드,단편영화,독립영화,전시",""
"32734","ko","안녕인사동 ","https://korean.visitseoul.net/attractions/안녕인사동/KOP032734?utm_source=seoulopendata&utm_medium=attractions&utm_content=KOP032734"," 서울 종로구 관훈동 155-2 안녕인사동 ","03145 서울 종로구 인사동길 49 (관훈동) 안녕인사동 ","02-6954-2910","","https://www.instagram.com/anyounginsadong/","10:00 ~ 22:00","월요일~일요일 ","","지하철 3호선 안국역 6번 출구,  229m","안녕인사동,금옥당인사동, 인사동관광,anyounginsadong, 나인트리프리미어인사동,인사동놀거리,라인프렌즈인사동",""
"4281","ko","안중근의사기념관","https://korean.visitseoul.net/attractions/안중근의사기념관/KOP004281?utm_source=seoulopendata&utm_medium=attractions&utm_content=KOP004281","100-802 서울 중구 남대문로5가 471 ","04636 서울 중구 소월로 91 (남대문로5가, 안중근의사기념관) ","02-3789-1016","","http://www.ahnjunggeun.or.kr/","하절기(3월~10월)  10:00 ~ 18:00 동절기(11월~2월)  10:00 ~ 17:00 * 종료 1시간 전 입장 마감","화요일 ~ 일요일 ","-월요일 (월요일이 공휴일인 경우 개관하고 다음 날 휴관) -1월 1일 -설날(당일) -추석(당일)","지하철 4호선 회현역 3번 출구,  689m"," 서울역,기념관,독립운동가,회현역,명동, 안중근, 유적지, 전시, 안중근의사기념관,역사",""
"2175","ko","암사동 선사주거지","https://korean.visitseoul.net/attractions/암사동-선사주거지/KOP002174?utm_source=seoulopendata&utm_medium=attractions&utm_content=KOP002174","134-876 서울 강동구 암사동 139-2 ","05239 서울 강동구 올림픽로 875 (서울 암사동 유적) ","02-3425-6520","","http://sunsa.gangdong.go.kr","AM 09:30 ~ PM 06:00 (입장 마감 PM 05:30) ","화요일~일요일","월요일?신정 휴관 (단, 월요일이 공휴일일 때에는 공휴일 다음의 첫 번째 평일) ","지하철 8호선 암사역사공원역 3번 출구,  773m","관광지,신석기시대,암사역,암사동선사주거지,전시, 선사유적지, 암사동유적,유적지, 토기, 역사",""
"43448","ko","애플하우스","https://korean.visitseoul.net/attractions/2023024/KOPc29hhb?utm_source=seoulopendata&utm_medium=attractions&utm_content=KOPc29hhb"," 서울 동작구 사당동 138-4 ","07008 서울 동작구 동작대로27다길 29 (사당동, 서광시티뷰) 2층","02-595-1629","","","10:30~21:00","매일","없음","지하철 4/ 7호선 이수역 10번 출구,  158m","즉석떡볶이, 무침군만두,오래가게, 분식, 순대볶음, 사당동",""
"1846","ko","약현성당","https://korean.visitseoul.net/attractions/약현성당/KOP001845?utm_source=seoulopendata&utm_medium=attractions&utm_content=KOP001845","100-858 서울 중구 중림동 149-2 149-2","04506 서울시 중구 청파로 447-1 ","02-362-1891","","http://www.yakhyeon.or.kr/","전시관 09:00~18:00 미사시간 월요일 06:00 / 화요일 19:00 / 수요일 10:00 / 목요일 19:00 / 금요일 10:00 / 토요일 18:00 / 일요일 09:30, 11:00. 18:00  (*금요일 성지 미사 - 서소문 공원 안 서소문 순교성지 현양탑 아래에서 함) 미사 시간 전후로 성당 개방하지 않음 ","화요일~일요일","-월요일 -설날, 추석 연휴","지하철 2/5호선 충정로역 4번 출구,  481m","서울역,종교,순교자기념관,결혼식,서양식,약현성당,중림동성당,고딕성당,성당,천주교",""
"1153","ko","양화진외국인선교사묘원","https://korean.visitseoul.net/attractions/양화진외국인선교사묘원/KOP001153?utm_source=seoulopendata&utm_medium=attractions&utm_content=KOP001153","121-883 서울 마포구 합정동 142-1 ","04084 서울 마포구 양화진길 46 (합정동, 양화진홍보관) ","02-332-9174","","http://www.yanghwajin.net/","개방시간 10:00~17:00 안내시간 월~토요일 AM 10:00, 11:30 / PM 02:00, 03:30  (※ 신정 (1월 1일), 설 연휴, 추석 연휴, 성탄절에는 안내를 제공치 않습니다.) ","월요일~토요일","일요일 ※신정 (1월 1일), 설 연휴, 추석 연휴, 성탄절에는 안내를 제공치 않습니다.) ","지하철 2/6호선 합정역 7번 출구,  319m","기념관,합정역,홍대,양화진,양화진외국인선교사묘원,합정동, 한국선교기념관,선교사","장애인화장실,장애인 전용 주차장,접근가능"
"47187","ko","삼세영","https://korean.visitseoul.net/attractions/2024-samsy/KOPzcpf02?utm_source=seoulopendata&utm_medium=attractions&utm_content=KOPzcpf02"," 서울 종로구 평창동 437-2 삼세영","03003 서울 종로구 평창44길 2 (평창동) 삼세영","02-391-0333","","https://www.samseyoung.com/","11:00-18:00","화요일~토요일","일요일~월요일","지하철 3호선 경복궁역 3번 출구, 1711번 버스 탑승 후 평창동삼성아파트에서 하차,  301m ","삼세영,평창동전시,건축,고미술,현대미술전시,현대미술,전시,문화예술",""
"44215","ko","서촌한옥마을","https://korean.visitseoul.net/attractions/SeochonHanokVillage/KOPhyd9ee?utm_source=seoulopendata&utm_medium=attractions&utm_content=KOPhyd9ee"," 서울 종로구 누하동 15 ","03037 서울 종로구 필운대로 45 (누하동) ","","","","","","","지하철 3호선 경복궁역 2번 출구,  617m","서촌,서촌한옥마을,한옥마을",""
"43444","ko","엘부림양복점","https://korean.visitseoul.net/attractions/2023022/KOPoqlgy2?utm_source=seoulopendata&utm_medium=attractions&utm_content=KOPoqlgy2"," 서울 동대문구 답십리동 488-46 ","02621 서울 동대문구 전농로 24 (답십리동, 계림빌딩) ","0507-1491-6000","","https://www.instagram.com/elburim_official/","월요일~토요일 10:00~19:00","","일요일","지하철 5호선 답십리역 4번 출구,  386m","맞춤정장, 결혼예복, 맞춤셔츠, 동대문, 답십리, 양복제작,오래가게",""
"50888","ko","역전회관","https://korean.visitseoul.net/attractions/yukjeon/KOPz0vpvy?utm_source=seoulopendata&utm_medium=attractions&utm_content=KOPz0vpvy"," 서울 마포구 염리동 173-21 ","04155 서울 마포구 토정로37길 47 (염리동) ","02-703-0019","","https://www.yukjeon.com/","평일 11:00~22:00 (브레이크 타임 15:00~17:00),  주말 11:00~21:30 (브레이크 타임 15:00~16:30)","매일","","지하철 5호선 마포역 2번 출구, 459m","오래가게,바싹불고기,불고기,낙지볶음,마포,막걸리,내한",""
"28340","ko","연세대 캠퍼스","https://korean.visitseoul.net/attractions/연세대-캠퍼스/KOP028340?utm_source=seoulopendata&utm_medium=attractions&utm_content=KOP028340","120-749 서울 서대문구 신촌동 134 ","03722 서울 서대문구 연세로 50 (신촌동, 연세대학교) ","02-2123-2114","","https://www.yonsei.ac.kr/sc/index.jsp","","","","지하철 2호선 신촌역 2번 출구,  564m","연세대 캠퍼스,캠퍼스, 언더우드, 홍대, 연세대학교, 대학교, 신촌",""
"28327","ko","연희사진관","https://korean.visitseoul.net/attractions/연희사진관/KOP028327?utm_source=seoulopendata&utm_medium=attractions&utm_content=KOP028327"," 서울 서대문구 대현동 54-18 ","03767 서울 서대문구 이화여대길 16 ","02-363-2039","","www.instagram.com/yonhee_photo_studio","월요일-금요일 11:00~20:00, 토요일 11:00~19:00, ※일요일 14:00~18:00(전화 문의 필수)","매일","없음","지하철 2호선 이대역 3번 출구,  50m ","신촌,취업사진,증명사진,오래가게,사진관,여권사진,이대",""
"2250","ko","영학정","https://korean.visitseoul.net/attractions/영학정/KOP002250?utm_source=seoulopendata&utm_medium=attractions&utm_content=KOP002250","158-050 서울 양천구 목동 915 409-74","07990 서울 양천구 목동동로 316-8 (영학정) ","010-5234-2322","","http://www.hwalsarang.com","양궁 일일체험 평일[화,수] 오후 2시 ~ 4시  평일 선예약 반드시 인터넷이나 전화로 예약 요망. 주말에는 회원들만 이용할 수 있음.","","","지하철 5호선 오목교역 4번 출구,  538m","오목교역,활쏘기체험,안양천,자연,영학정,옛군사훈령장,목동,양천구,양궁",""
"4525","ko","영휘원 숭인원(홍릉)","https://korean.visitseoul.net/attractions/영휘원-숭인원홍릉/KOP004524?utm_source=seoulopendata&utm_medium=attractions&utm_content=KOP004524","130-868 서울 동대문구 청량리동 205 ","02456 서울 동대문구 홍릉로 90 (영휘원) ","02-962-0556","","http://royaltombs.cha.go.kr/tombs/selectTombInfoList.do?tombseq=135&mn=RT_01_07_02","2월 ~ 5월, 9월 ~ 10월 09:00 - 18:00 (매표 시간09:00 - 17:00) 6월 ~ 8월 09:00 - 18:30 (매표 시간 09:00 - 17:30) 11월 ~ 1월 09:00 - 17:30 (매표 시간 09:00 - 16:30)","화요일~일요일","월요일 ","지하철 1호선/ 경의중앙선/ 수인분당선  청량리역 2번 출구,  884m","역사,청량리역,의릉,서울왕릉,현충사,홍릉,유적지,청량리,가을단풍,영휘원,조선,숭인원,조선왕릉,동대문구",""
"43489","ko","예문사","https://korean.visitseoul.net/attractions/2023102/KOP5ietpk?utm_source=seoulopendata&utm_medium=attractions&utm_content=KOP5ietpk"," 서울 중구 을지로3가 315-5 ","04550 서울 중구 을지로 126-1 ","02-2278-4395","","","09:00~19:00","월요일~금요일","주말","지하철 2/3호선 을지로3가역 10번 출구,  38m "," 수제도장,수제인감, 붓글씨, 캘리그라피, 을지로3가, 인감도장,오래가게",""
"3629","ko","예술가의 집 (구 서울대학교 본관)","https://korean.visitseoul.net/attractions/예술가의-집-구-서울대학교-본관/KOP003629?utm_source=seoulopendata&utm_medium=attractions&utm_content=KOP003629","110-809 서울 종로구 동숭동 1-130","110-809 서울특별시 종로구 동숭길 3 (동숭동) ","02-760-4715","","https://www.arko.or.kr/arthouse/","층별로 상이 ","월요일~토요일","일요일, 법정 공휴일","지하철 4호선 혜화역 2번 출구,  200m","한국문화예술위원회,예술, 동대문,예술가의집, 혜화역","장애인화장실,장애인 전용 주차장,접근가능"
"50010","ko","예술의전당 서울서예박물관","https://korean.visitseoul.net/attractions/SeoulCalligraphyMuseum/KOPx6grff?utm_source=seoulopendata&utm_medium=attractions&utm_content=KOPx6grff"," 서울 서초구 서초동 700 ","06757 서울 서초구 남부순환로 2406 (서초동, 예술의전당) ","1688-1352","","www.sac.or.kr","화-일 10:00-19:00","","월요일","지하철 3호선 남부터미널역 5번출구, 1.4km","예술의전당,서울서예박물관,서예,서화,한국서예사,전시","장애인화장실,장애인 전용 주차장,접근가능,엘리베이터,장애인 안내(휠체어 대여 및 기타)"
"1539","ko","서울광장","https://korean.visitseoul.net/attractions/서울광장/KOP001538?utm_source=seoulopendata&utm_medium=attractions&utm_content=KOP001538","100-101 서울 중구 태평로1가 31","100-101 서울특별시 중구 세종대로 110  ","02-120","","http://plaza.seoul.go.kr/","매주 월요일 '잔디 쉬는 날' 운영","","","지하철 1/2호선 시청역 5번 출구, 89m "," 아이스링크,문화행사, 문화공간,서울광장, 시청, 시청역, 잔디",""
"4325","ko","예술의전당 한가람미술관","https://korean.visitseoul.net/attractions/예술의-전당-한가람미술관/KOP004325?utm_source=seoulopendata&utm_medium=attractions&utm_content=KOP004325","137-070 서울 서초구 서초동 700","06757 서울특별시 서초구 남부순환로 2406  (서초동) ","1668-1352","","https://www.sac.or.kr/site/main/home","10:00~19:00","화~일","월요일","지하철 3호선 남부터미널역(예술의전당) 5번 출구,  695m"," 예술의전당, 한가람미술관, 예술,남부터미널역,미술관, 혼자전시회, 미술전시회, 문화,전시, 예술의전당전시","장애인화장실,장애인 전용 주차장,접근가능,엘리베이터,장애인 안내(휠체어 대여 및 기타)"
"42312","ko","옛날집낙원아구찜","https://korean.visitseoul.net/attractions/백년가게-옛날집낙원아구찜/KOP042312?utm_source=seoulopendata&utm_medium=attractions&utm_content=KOP042312"," 서울 종로구 낙원동 48 ","03133 서울 종로구 삼일대로 436 (낙원동) ","02-741-3621","","","11:30 ~ 22:00","","","지하철 1 / 3 / 5호선 종로3가역 5번 출구,  167m ","옛날집낙원아구찜,해물찜,아귀찜,아귀탕,백년가게,오래가게,해물탕",""
"45397","ko","옛시장실 재현 공간","https://korean.visitseoul.net/attractions/formermayorsoffice/KOP678cv8?utm_source=seoulopendata&utm_medium=attractions&utm_content=KOP678cv8"," 서울 중구 태평로1가 31 서울도서관 3층","04524 서울 중구 세종대로 110 (태평로1가, 서울특별시청) 서울도서관 3층","02-2133-2970 ","","https://lib.seoul.go.kr/rwww/html/ko/oldMayorRoom.jsp","매주 화요일~일요일, 09~18시(월요일 및 법정공휴일 휴관)	","화요일~일요일 ","월요일 ","지하철 1/2호선 시청역 5번 출구,  53m","통통투어, 서울도서관, 서울시장, 시장실,시청","장애인화장실,접근가능,엘리베이터,장애인 안내(휠체어 대여 및 기타)"
"12492","ko","오장동함흥냉면","https://korean.visitseoul.net/attractions/오장동함흥냉면/KOP012488?utm_source=seoulopendata&utm_medium=attractions&utm_content=KOP012488","100-310 서울 중구 오장동 90-10 ","04559 서울 중구 마른내로 108 (오장동, 오장동함흥냉면) ","02-2267-9500","","","11:00 ~ 20:00 (Break Time 15:30 ~ 17:00)","월요일, 수요일~일요일","화요일, 명절 휴무","지하철 2 / 5호선 을지로4가역  8번 출구,  356m","회냉면,오장동함흥냉면,물냉면,을지로4가역,비빔냉면,미쉐린가이드,홍어회,을지로맛집",""
"47356","ko","옥상정원 (The Roof)","https://korean.visitseoul.net/attractions/2024-stnrooftop/KOPyz09up?utm_source=seoulopendata&utm_medium=attractions&utm_content=KOPyz09up"," 서울 중구 봉래동2가 122-11 ","04509 서울 중구 한강대로 405 (봉래동2가, 경부고속철도서울민자역사) ","","","https://www.hanwhaconnect.co.kr/ ","24시간","","연중무휴","지하철 1호선/ 4호선/ 공항철도/ 경의중앙선 서울역 1번 출구,  300m","커넥트플레이스,서울데이트코스,서울역피크닉,서울산책로,서울역근처가볼만한곳,서울역공원,서울나들이,서울명소",""
"40795","ko","용산공원 부분개방부지","https://korean.visitseoul.net/attractions/용산공원-부분개방부지/KOP040795?utm_source=seoulopendata&utm_medium=attractions&utm_content=KOP040795"," 서울 용산구 용산동6가 22-1 ","04383 서울 용산구 서빙고로 221 (용산동6가, 미군 장교숙소5단지) ","070-4224-1708","","https://www.park.go.kr/front/lodging/introduce.do","내부시설 9:00 - 17:00 / 외부공간 9:00 - 18:00 (입장마감 17:00)","화 - 토","매주 월, 일 / 1월 1일 / 설날 및 추석 당일","지하철 경의중앙선 서빙고역 1번 출구,  336m","부분개방부지,산책,용산,미군기지,나들이,용산공원부분개방기지,용산공원",""
"471","ko","운현궁 ","https://korean.visitseoul.net/attractions/운현궁/KOP000471?utm_source=seoulopendata&utm_medium=attractions&utm_content=KOP000471","110-350 서울 종로구 운니동 114-10 ","03131 서울 종로구 삼일대로 464 (운현궁) ","02-766-9090","","http://unhyeongung.or.kr ","09:00 ~ 19:00 (입장마감 18:30) ","화요일~일요일 ","월요일 (공휴일이 월요일일 경우 정상 개장)","지하철 3호선 안국역 4번 출구,  103m","서울고궁투어,서울여행,운현궁,서울나들이여행,서울궁궐,한국궁궐,서울,서울산책코스,데이트코스,종묘,서울가볼만한곳,서울볼거리","장애인화장실,접근가능"
"1862","ko","원효로성당","https://korean.visitseoul.net/attractions/원효로성당/KOP001862?utm_source=seoulopendata&utm_medium=attractions&utm_content=KOP001862","140-850 서울 용산구 원효로4가 1-1 원효로성당","04361 서울 용산구 원효로19길 49 (원효로4가) ","02-701-5501","","","성지순례 시간 09:00 ~ 17:00","","학교 측 사정에 따라 차이가 있음","지하철 6호선/ 경의중앙선  효창공원앞역 3번 출구,  1.3km","여의도,성당,용산신학교,용산역,서울근대문화재,원효로성당",""
"12801","ko","유림면","https://korean.visitseoul.net/attractions/유림면/KOP012801?utm_source=seoulopendata&utm_medium=attractions&utm_content=KOP012801","100-813 서울 중구 서소문동 16 16","04515 서울 중구 서소문로 139-1 (서소문동) ","02-755-0659","","","월요일~금요일 11:00-20:30, 토요일 .일요일 11:00-19:30","","","지하철 1 / 2호선 시청역 12번 출구,  36m ","김수현,서울3대메밀국수,메밀국수, 돌냄비국수,냄비우동,시청역,별에서온그대,정동음식점,비빔국수,오래된국수집,시청음식점,유림면, 국수",""
"27814","ko","유일한의원","https://korean.visitseoul.net/attractions/유일한의원/KOP027814?utm_source=seoulopendata&utm_medium=attractions&utm_content=KOP027814"," 서울 종로구 종로6가 30-1 ","03124 서울 종로구 율곡로30길 17-3 ","02-742-5533","","futureheritage.seoul.go.kr/web/investigate/aroundHeritageView.do?htId=2230","09:30~17:00 (휴게시간 13:00~14:00)","월요일~금요일 ","주말","지하철 1/4호선 동대문역 10번 출구,  192m","종로5가,오래가게,서울미래유산,한의학,한방치료,동대문역,한방",""
"10567","ko","송월동 일대","https://korean.visitseoul.net/attractions/송월동-일대/KOP010567?utm_source=seoulopendata&utm_medium=attractions&utm_content=KOP010567","110-101 서울 종로구 송월동 일대","110-101 서울특별시 종로구 송월동 일대 ","02-120","","","","","","지하철 5호선 서대문역 3번출구 일대","송월동, 광화문, 서대문형무소역사관, 숭례문, 덕수궁, 독립문, 역사유적지,서울역사박물관, 경희궁,서대문역",""
"46887","ko","안경박사 본점","https://korean.visitseoul.net/attractions/Ankyungbaksa/KOPv9kv5b?utm_source=seoulopendata&utm_medium=attractions&utm_content=KOPv9kv5b"," 서울 성북구 정릉동 414-10 ","02718 서울 성북구 보국문로 10 (정릉동, 부광빌딩) ","02-919-1001","","","월요일-토요일 10:00~21:00","","일요일","지하철 우이신설선 정릉역 1번 출구,  360m","오래가게,정릉,안경,안경점",""
"3759","ko","윤봉길 의사 기념관","https://korean.visitseoul.net/attractions/윤봉길-의사-기념관/KOP003759?utm_source=seoulopendata&utm_medium=attractions&utm_content=KOP003759","137-893 서울 서초구 양재동 236 ","06773 서울 서초구 매헌로 99 ","02-578-3388","","http://www.yunbonggil.or.kr","하절기(3월~10월) : 10:00 ~ 18:00 동절기(11월 ~ 3월) : 10:00 ~ 17:00 *종료 30분전 입장마감 ","화~일","- 월요일 (월요일이 공휴일인 경우 개관, 다음 날 휴관) - 1월 1일 - 설날, 추석 연휴","지하철 신분당선 양재시민의숲역 5번 출구,  179m ","독립운동가, 강남,윤봉길의사기념관,윤봉길, 양재역, 양재시민의숲, 전시관",""
"50851","ko","은평역사한옥박물관","https://korean.visitseoul.net/attractions/Eunpyeong-History-Hanok-Museum/KOP44b0tv?utm_source=seoulopendata&utm_medium=attractions&utm_content=KOP44b0tv"," 서울 은평구 진관동 135-5 ","03308 서울 은평구 연서로50길 8 (진관동, 은평역사한옥박물관) ","02-351-8556","","https://museum.ep.go.kr/","09:00-18:00","","매주 월요일, 1월 1일, 설날?추석 연휴 ※ 월요일이 공휴일인 경우 화요일 휴관","- 지하철 3호선/6호선 연신내역 3번출구에서 701, 709, 7211번 버스 승차 후 '하나고, 진관사, 삼천사 입구' 정류장 하차 - 지하철 3호선 구파발역 4번출구에서 7723번 승차 후 '하나고, 진관사, 삼천사 입구' 정류장 하차","전시,은평역사한옥박물관,한옥박물관,은평한옥마을,교육,체험,한국문화체험",""
"35673","ko","은평한옥마을","https://korean.visitseoul.net/attractions/은평한옥마을/KOP035673?utm_source=seoulopendata&utm_medium=attractions&utm_content=KOP035673"," 서울 은평구 진관동 135-5 ","03308 서울 은평구 연서로50길 8 (진관동, 은평역사한옥박물관) 은평한옥마을","02-351-6114","","https://eptour.kr/v2/layout/contents.php?b_um=02&m_um=01&s_um=01","연중무휴","","","지하철 3호선 구파발역 4번출구,  구파발역.롯데몰(서울도심)정류장(12112) 에서 7723, 7211 탑승 후 하나고.삼천사.진관사입구에서 하차","놀면뭐하니촬영지,서울데이트코스,한국전통문화,전통체험,북한산풍경,뷰맛집,은평구,서울가볼만한곳,문화체험,북한산경치,서울여행지,진관사,은평한옥마을,진관동,한옥,서울나들이",""
"5208","ko","의릉","https://korean.visitseoul.net/attractions/의릉/KOP005205?utm_source=seoulopendata&utm_medium=attractions&utm_content=KOP005205","136-716 서울 성북구 석관동 산1-5 ","02789 서울 성북구 화랑로32길 146-37 (의릉) ","02-964-0579","","http://royaltombs.cha.go.kr/html/HtmlPage.do?pg=/new/html/portal_01_07_01.jsp&mn=RT_01_07","2월 ~ 5월, 9월 ~ 10월  09:00~18:00 (매표시간 09:00~17:00) 6월 ~ 8월 09:00~18:30 (매표시간 09:00~17:30) 11월 ~ 1월 09:00~17:30 (매표시간 09:00~16:30)","화요일~일요일","월요일","지하철 1호선 신이문역 1번 출구,  945m","유네스코,유적지, 돌곶이역,중앙정보부, 역사, 경종, 의릉,신이문역, 세계문화유산, 관광지,선의왕후",""
"846","ko","의학박물관 (구 대한의원) ","https://korean.visitseoul.net/attractions/의학박물관/KOP000846?utm_source=seoulopendata&utm_medium=attractions&utm_content=KOP000846","110-744 서울특별시 종로구 연건동 28-21 ","03080 서울특별시 종로구 대학로 101 (연건동)   ","02-2072-2636","","http://medicalmuseum.org ","월~금 09:00~18:00 토요일 10:00~15:00 ","월~토","일요일, 공휴일, 근로자의 날(5월 1일), 법인화 기념일(10월 15일)","지하철 4호선 혜화역 3번 출구,  452m    ","역사, 박물관, 의학박물관,종로구연건동, 전시,서울대학교병원,서울대학교,혜화역",""
"46796","ko","이길이구 갤러리","https://korean.visitseoul.net/attractions/2024-2Gil29Gallery/KOPrisi5i?utm_source=seoulopendata&utm_medium=attractions&utm_content=KOPrisi5i"," 서울 강남구 신사동 519-22 ","06034 서울 강남구 강남대로158길 35 (신사동) ","02-6203-2015","","https://www.2gil29gallery.com/","10:00~18:00","화요일~토요일","일요일, 월요일 정기휴무 9/16~18 추석 연휴 휴무","지하철 3호선/ 신분당선  신사역 8번 출구,  460m","신사,강남,갤러리,강남전시,전시,미술관",""
"27218","ko","이태원 관광안내소(지하)","https://korean.visitseoul.net/attractions/이태원-관광안내소지하/KOP027218?utm_source=seoulopendata&utm_medium=attractions&utm_content=KOP027218","140-863 서울 용산구 이태원동 119-23 ","04350 서울 용산구 이태원로 지하 177 (이태원동, 6호선 이태원역) 이태원역사 내","+82-2-3785-0942","","http://www.sta.or.kr","10:00 - 19:00","","설, 추석 당일 휴무","지하철 6호선 이태원역 1번 출구 역사 내","여행,이태원역,안내,이태원-관광안내소지하,안내소,관광안내소,이태원",""
"45524","ko","왕짱구식당","https://korean.visitseoul.net/attractions/wangjjanggu-2024/KOP2dut7v?utm_source=seoulopendata&utm_medium=attractions&utm_content=KOP2dut7v"," 서울 종로구 계동 73-7 ","03056 서울 종로구 계동길 83 (계동) ","02-743-4300","","","매일 11:00 ~ 21:00","","","지하철 3호선 안국역 3번 출구,  497m"," 종로,왕짱구식당",""
"50902","ko","원조조박집 ","https://korean.visitseoul.net/attractions/OriginalJoBakJip/KOPon4w77?utm_source=seoulopendata&utm_medium=attractions&utm_content=KOPon4w77"," 서울 마포구 용강동 40-1 ","04166 서울특별시 마포구 토정로 313-1 1층동 ","02-712-7462","","https://jb-on.com/","11:30~22:00 (브레이크 타임 15:00~17:00)","월~토요일","일요일","지하철 5호선 마포역 1번 출구, 199m","마포,막걸리,주물럭,돼지갈비,오래가게,외식,가족식사",""
"43508","ko","이태원북스","https://korean.visitseoul.net/attractions/ItaewonBooks/KOPkv7z3y?utm_source=seoulopendata&utm_medium=attractions&utm_content=KOPkv7z3y"," 서울 용산구 이태원동 533 ","04345 서울 용산구 녹사평대로 208 (이태원동) ","02-793-8249","","www.instagram.com/itaewon_books","11:00 - 19:30","","수요일","지하철 6호선 녹사평역 3번 출구,  258m","헌책방,이태원스토어,오래가게, 이태원, 녹사평역, 외서, 서점, 서울미래유산, 책방",""
"43611","ko","이화명주","https://korean.visitseoul.net/attractions/202345/KOPgloa3i?utm_source=seoulopendata&utm_medium=attractions&utm_content=KOPgloa3i"," 서울 서초구 반포동 92-9 ","06577 서울 서초구 사평대로26길 30 ","02-593-4411","","http://www.ewhamj.com/","10:00~19:00","매일","없음","지하철 3/7/9호선 고속터미널역 5번 출구,  667m","강남,돌복,결혼예복,오래가게,서초,한복대여,한복,한복판매",""
"37008","ko","익선동 한옥거리","https://korean.visitseoul.net/attractions/익선동한옥거리/KOP037008?utm_source=seoulopendata&utm_medium=attractions&utm_content=KOP037008"," 서울 종로구 익선동 160-1 ","03133 서울 종로구 돈화문로11가길 17 (익선동) ","","","","","","","지하철 1/ 3/ 5 호선 종로 3가역  4번 출구, 141m ","서울나들이,익선동대이트,한국문화,데이트코스추천,서울데이트코스,한옥거리,서울한옥,한국전통,서울산책,서울걷기좋은곳,서울데이트,익선동,전통거리,익선동한옥거리",""
"24807","ko","인천공항 제2여객터미널 관광정보센터 ","https://korean.visitseoul.net/attractions/inchon-air-port-tour-information-kr/KOP024807?utm_source=seoulopendata&utm_medium=attractions&utm_content=KOP024807"," 인천광역시 중구 운서동 2868 제2합동청사 ","22382 인천광역시 중구 제2터미널대로 444 (운서동) 인천국제공항 제2여객터미널 1층 입국장","032-743-3269","","","07:00~22:00 (식사시간: 11:00~13:00, 17:00~19:00(유동적 운영))","","연중무휴","지하철 공항철도 인천공항2터미널역,  205m","인천공항-제2여객터미널-관광정보센터,인천공항2터미널역,인천공항,관광정보센터,제2여객터미널",""
"11864","ko","인천국제공항 제 1터미널 서울관광정보센터 (동편)","https://korean.visitseoul.net/attractions/인천국제공항-서울관광정보센터/KOP011863?utm_source=seoulopendata&utm_medium=attractions&utm_content=KOP011863"," 인천광역시 중구 운서동 2840 인천공항  1층 입국장 5번출구","22382 인천광역시 중구 공항로 272 (운서동) 인천국제공항 제1여객터미널 1층 입국장 5번출구","02-743-3270","","","07:00~22:00 (식사시간: 11:00~13:00, 17:00~19:00(유동적 운영))","","연중무휴","지하철 공항철도 인천국제공항역 1번 출구,  279m"," 안내,인천국제공항서울관광정보센터,인천국제공항,여행,관광안내소,안내소,공항,관광정보센터,서울관광정보센터",""
"42078","ko","인천국제공항 제 1터미널 서울관광정보센터 (서편)","https://korean.visitseoul.net/attractions/인천국제공항-제-1터미널-서울관광정보센터-서편/KOP042078?utm_source=seoulopendata&utm_medium=attractions&utm_content=KOP042078"," 인천광역시 중구 운서동 2840 인천공항 1층 입국장 10번출구","22382 인천광역시 중구 공항로 272 (운서동) 인천국제공항 제1여객터미널 1층 입국장 10번 출구","02-743-3272","","","07:00~22:00 (식사 시간: 11:00~12:00, 17:00~18:00)","","","지하철 공항철도 인천공항1터미널역  1번출구,  284m","서편,제1터미널,관광정보센터,인천국제공항",""
"50906","ko","일등식당","https://korean.visitseoul.net/attractions/IlDeungSikdang/KOPooociy?utm_source=seoulopendata&utm_medium=attractions&utm_content=KOPooociy"," 서울 마포구 망원동 476-1 ","03964 서울 마포구 방울내로 82 (망원동) ","02-333-0361","","","주중 9:00~21:00 / 주말 8:30~21:00","화~일요일","월요일","지하철 6호선 마포구청역 5번 출구, 314m","감자탕,마포구,망원시장,망원동,해장,오래가게,뼈해장국",""
"2252","ko","일민미술관","https://korean.visitseoul.net/attractions/일민미술관/KOP002251?utm_source=seoulopendata&utm_medium=attractions&utm_content=KOP002251","110-050 서울 종로구 세종로 139-8 ","03187 서울 종로구 세종대로 152 (세종로, 일민미술관) ","02-2020-2050","","http://ilmin.org/kr/","11:00~19:00","화~일","월요일","지하철 5호선 광화문역 5번 출구,  16m","광화문역,문화,신문박물관,카페이마,미술관,전시,일민문화재단,일민김상만,일민미술관,광화문,예술,광화문이마",""
"37130","ko","일자산허브천문공원","https://korean.visitseoul.net/attractions/일자산허브천문공원/KOP037130?utm_source=seoulopendata&utm_medium=attractions&utm_content=KOP037130"," 서울 강동구 둔촌동 산86 ","134-060 서울 강동구 둔촌동 산86 ","","","","","","","지하철 9호선 중앙보훈병원역 3번 출구,  342 간선버스, 2312 지선버스 탑승하여 길동자연생태공원 정류장 하차,  296m"," 가족나들이, 부모님과 갈만한 곳, 둘레길 코스,일자산허브천문공원,서울 야경,일자산, 서울 천문대,서울산책코스,조깅코스,서울걷기좋은길,서울가볼만한곳, 서울의 별",""
"30803","ko","아모레퍼시픽미술관","https://korean.visitseoul.net/attractions/아모레퍼시픽미술관/KOP030803?utm_source=seoulopendata&utm_medium=attractions&utm_content=KOP030803"," 서울 용산구 한강로2가 424 ","04386 서울 용산구 한강대로 100 (한강로2가, 아모레퍼시픽) ","02-6040-2345","","https://apma.amorepacific.com/index.do","10:00~18:00","화요일~일요일","-월요일 -1월 1일 -설날, 추석 연휴","지하철 4호선 신용산역 1번 출구,  84m","기획전,아모레퍼시픽미술관, 미술관,현대미술, 신용산역,전시, 고미술",""
"51178","ko","용마산 스카이워크 전망대","https://korean.visitseoul.net/attractions/YongmasanSkywalk/KOP998h6q?utm_source=seoulopendata&utm_medium=attractions&utm_content=KOP998h6q"," 서울 중랑구 면목동 서울둘레길 4코스(망우?용마산) 내 용마산 스카이워크 전망대 ","02196 서울 중랑구 면목동 서울둘레길 4코스(망우?용마산) 내 용마산 스카이워크 전망대 ","02-2094-2382 ","","https://gil.seoul.go.kr/index.do","시민 이용 모니터링 기간 9:00-17:00 임시 개방 (2025년 11월 28일까지)  *이후 전면 개방 예정","","","지하철 7호선 사가정역 4번출구, 2.4km","서울둘레길,트레킹,체험형 숲길,무장애길,용마산,서울전망대,용마산 스카이워크",""
"49285","ko","을지로4가역 물품보관소","https://korean.visitseoul.net/attractions/LuggageStorage11/KOPm81npu?utm_source=seoulopendata&utm_medium=attractions&utm_content=KOPm81npu"," 서울 중구 을지로4가 267-1 ","04548 서울 중구 을지로 지하 178 (을지로4가역 2호선) ","","","","","","","","을지로4가역 물품보관소",""
"37158","ko","자하문터널","https://korean.visitseoul.net/attractions/자하문터널/KOP037158?utm_source=seoulopendata&utm_medium=attractions&utm_content=KOP037158"," 서울 종로구 청운동 "," 서울 종로구 청운동 ","","","","","","","지하철 3호선 경복궁역 3번출구,  1020.7022.7212번 버스 타고 부암주민센터 하차,  650m","기생충,자하문터널,기생충촬영지,영화명소,서울가볼만한곳",""
"49383","ko","잠실역 물품보관소","https://korean.visitseoul.net/attractions/LuggageStorage25/KOPpwo7rk?utm_source=seoulopendata&utm_medium=attractions&utm_content=KOPpwo7rk"," 서울 송파구 신천동 8 ","05510 서울 송파구 올림픽로 지하 265 (신천동, 잠실역2호선) ","","","","","","","","잠실역 물품보관소",""
"4541","ko","장수갈비집본가","https://korean.visitseoul.net/attractions/장수갈비집본가/KOP004540?utm_source=seoulopendata&utm_medium=attractions&utm_content=KOP004540","100-011 서울 중구 충무로1가 25-45 25-45","04535 서울 중구 명동2길 54-1 (충무로1가) ","02-775-9292","","","11:00 ~ 22:00 (라스트오더 21:15)","월요일~일요일 ","명절 휴무","지하철 4호선 명동역 5번 출구,  160m ","장수갈비집,충무로맛집,명동맛집,한정식,숯불갈비,고기맛집,명동역,갈비",""
"45573","ko","장희빈 우물터","https://korean.visitseoul.net/attractions/2024-jangheebin/KOPcyd45f?utm_source=seoulopendata&utm_medium=attractions&utm_content=KOPcyd45f"," 서울 서대문구 연희동 120-21 ","03702 서울 서대문구 연희로15길 74 (연희동) ","","","","","","","지하철 2호선/경의중앙선/ 공항철도  홍대입구역 3번 출구,  1.6km","대한민국역사,연희동,장희빈우물터,역사,장희빈,조선시대",""
"859","ko","전쟁기념관","https://korean.visitseoul.net/attractions/전쟁기념관/KOP000859?utm_source=seoulopendata&utm_medium=attractions&utm_content=KOP000859","140-021 서울 용산구 용산동1가 8 ","04353 서울 용산구 이태원로 29 (용산동1가, 전쟁기념관) ","02-709-3114","","http://www.warmemo.or.kr","09:30 ~ 18:00 *자세한 사항은 홈페이지를 참고해주세요.  ","화요일 ~ 일요일","월요일 (월요일이 포함된 연휴에는 연휴 마지막 다음날 휴관)","지하철 4/6호선 삼각지역 11번 출구,  227m","서울아이들과함께,서울박물관추천,전쟁기념관어린이박물관,전쟁기념관,용산어린이박물관,용산전쟁기념관,서울아이들데리고갈만한곳,6.25전쟁,서울전쟁사박물관,서울가볼만한곳추천","장애인화장실,장애인 전용 주차장,접근가능,엘리베이터,장애인 안내(휠체어 대여 및 기타)"
"29394","ko","절두산순교성지","https://korean.visitseoul.net/attractions/한국천주교순교자박물관/KOP029394?utm_source=seoulopendata&utm_medium=attractions&utm_content=KOP029394","121-883 서울 마포구 합정동 96-1 ","04085 서울 마포구 토정로 6 (합정동, 한국천주교순교자박물관) ","02-3142-4434","","http://www.jeoldusan.or.kr/renew/museum1.php","09:30~17:00","화요일~일요일","월요일","지하철 2/ 6호선 합정역 7번 출구,  500m"," 순교자박물관,천주교, 전시, 절두산순교기념관, 합정역, 한국천주교순교자박물관,순례",""
"32529","ko","정동1928 아트센터","https://korean.visitseoul.net/attractions/정동1928-아트센터/KOP032529?utm_source=seoulopendata&utm_medium=attractions&utm_content=KOP032529","100-120 서울 중구 정동 1-23 정동1928 아트센터","04519 서울 중구 덕수궁길 130 (정동, 구세군중앙회관) 정동1928 아트센터","02-722-1928","","http://www.jeongdong1928.com/","월요일~일요일 09:00~18:00  (12:00 ~ 13:00 휴게시간) ","월요일~일요일 ","","지하철1/2호선 시청역 3번 출구,  690m 지하철 5호선 광화문역 6번 출구,  474m    ","서울전시회,대한민국,정동,역사,센터,정동길산책,구세군중앙회관,서울,광화문역,서울특별행사,광화문볼거리,정동1918아트센터,예술",""
"24905","ko","손맛김밥","https://korean.visitseoul.net/attractions/Sonmat-Gimbap-kr/KOP024905?utm_source=seoulopendata&utm_medium=attractions&utm_content=KOP024905"," 서울 종로구 통인동 10-3 ","03036 서울 종로구 자하문로15길 18 ","02-722-8389","","","07:00~18:00","평일","주말","지하철 3호선 경복궁역 2번 출구,  600m","효자동,통인시장,오래가게,참깨야채김밥,분식,김밥",""
"49229","ko","안국역 물품보관소","https://korean.visitseoul.net/attractions/LuggageStorage6/KOPkgiz46?utm_source=seoulopendata&utm_medium=attractions&utm_content=KOPkgiz46"," 서울 종로구 안국동 73-1 ","03147 서울 종로구 율곡로 지하 62 (안국동, 3호선 안국역) ","","","","","","","","안국역 물품보관소",""
"49403","ko","안녕러기지 물품보관소","https://korean.visitseoul.net/attractions/LuggageStorage36/KOP4to792?utm_source=seoulopendata&utm_medium=attractions&utm_content=KOP4to792"," 서울 마포구 동교동 170-16 ","04051 서울 마포구 어울마당로 149-2 (동교동) ","","","","","","","","안녕러기지 물품보관소",""
"50161","ko","을지로 노가리 골목","https://korean.visitseoul.net/attractions/Euljiro-Nogari-Alley/KOPf8bj59?utm_source=seoulopendata&utm_medium=attractions&utm_content=KOPf8bj59"," 서울 중구 을지로3가 95-4 ","04543 서울 중구 충무로9길 12 (을지로3가) ","","","","","","","지하철 2호선/3호선 을지로3가역 3번출구, 86m","노가리 안주,야장 분위기,맥주,을지로술집,노가리골목,을지로",""
"47987","ko","정동전망대","https://korean.visitseoul.net/attractions/2024-jdobservatory/KOPmxn1fp?utm_source=seoulopendata&utm_medium=attractions&utm_content=KOPmxn1fp"," 서울 중구 서소문동 37 ","04515 서울 중구 덕수궁길 15 (서소문동, 서울시청 서소문별관) ","02-120","","","평일 13:30~17:30 주말 09:00~17:30 (마지막입장 17:20)","","주말 외 공휴일","지하철1/2호선 시청역 12번 출구,  185m","덕수궁,서울전망대,정동,정동전망대,전망대",""
"2134","ko","정동제일교회","https://korean.visitseoul.net/attractions/정동제일교회/KOP002132?utm_source=seoulopendata&utm_medium=attractions&utm_content=KOP002132"," 서울특별시 중구 정동 34-3","04516 서울특별시 중구 정동길 46  (정동) ","02-753-0001~3","","http://chungdong.org/","만곤 기독교 역사자료실 (사전 예약 필요) 화 ~ 금요일 10:00 ~ 17:00, 토요일 10:00 ~ 14:00 예배와 기도 일정에 따라 이용 시간에 차이가 있음","박물관 매일 운영","만곤 기독교 역사자료실은 월요일, 일요일","지하철 1/2호선 시청역 10번 출구,  404m","정동제일교회,성지,한국최초교회,종교,정동교회,교회",""
"3461","ko","정릉","https://korean.visitseoul.net/attractions/정릉/KOP003459?utm_source=seoulopendata&utm_medium=attractions&utm_content=KOP003459","136-851 서울 성북구 정릉동 508 508","02813 서울 성북구 아리랑로19길 116 (정릉동, 정릉) ","02-914-5133","","https://royaltombs.cha.go.kr/html/HtmlPage.do?pg=/new/html/portal_01_06_01.jsp&mn=RT_01_06","2월 ~ 5월, 9월 ~ 10월 06:00~18:00 (매표 시간06:00~17:00) 6월 ~ 8월 06:00~18:30 (매표 시간06:00~17:30) 11월 ~ 1월 06:30~17:30 (매표 시간06:30~16:30)","화요일~일요일","월요일","지하철 우이신설선 정릉역 2번 출구,  584m"," 정릉, 이성계,유적지,연산군묘, 태조, 신덕왕후, 조선왕릉, 역사,성신여대입구역,산책로,조선왕조",""
"43609","ko","젬브로스","https://korean.visitseoul.net/attractions/2023005/KOP61vxfa?utm_source=seoulopendata&utm_medium=attractions&utm_content=KOP61vxfa"," 서울 강남구 논현동 15-6 ","06039 서울 강남구 강남대로146길 41 퀸스빌 ","02-517-5728","","http://www.gembros.co.kr/#","주중 09:30~18:30토요일 토요일 13:00~17:00","매일","일요일 추석 당일 및 추석 연휴 휴일 ","지하철 3호선/신분당선 신사역 1번 출구,  352m","결혼예물,오래가게,파인주얼리,가로수길,웨딩반지,강,다이아몬드",""
"49395","ko","스퀘어랩 물품보관소","https://korean.visitseoul.net/attractions/LuggageStorage37/KOPwdnd1y?utm_source=seoulopendata&utm_medium=attractions&utm_content=KOPwdnd1y"," 서울 마포구 동교동 172-3 ","04056 서울 마포구 신촌로2길 16 (동교동, 스타빌딩) ","","","","","","","","스퀘어랩 물품보관소",""
"49346","ko","신당역 물품보관소","https://korean.visitseoul.net/attractions/LuggageStorage22/KOPcky0e7?utm_source=seoulopendata&utm_medium=attractions&utm_content=KOPcky0e7"," 서울 중구 흥인동 162-1 ","04570 서울 중구 다산로 지하 260 (흥인동, 신당역 6호선) ","","","","","","","","신당역 물품보관소",""
"42170","ko","어린이대공원 꿈마루","https://korean.visitseoul.net/attractions/어린이대공원-꿈마루/KOP042170?utm_source=seoulopendata&utm_medium=attractions&utm_content=KOP042170"," 서울 광진구 능동 18 ","04991 서울 광진구 능동로 216 (능동, 어린이대공원) ","02-450-9311","","","카페는 별도 확인 필요","","","지하철 7호선 어린이대공원역 1번 출구,  434m","어린이대공원-꿈마루",""
"49462","ko","옐로우 물품보관소","https://korean.visitseoul.net/attractions/LuggageStorage34/KOP2dup6k?utm_source=seoulopendata&utm_medium=attractions&utm_content=KOP2dup6k"," 서울 마포구 동교동 165-8 ","04050 서울 마포구 양화로 156 (동교동, LG팰리스빌딩) ","","","","","","","","옐로우 물품보관소",""
"2587","ko","조계사","https://korean.visitseoul.net/attractions/조계사/KOP002586?utm_source=seoulopendata&utm_medium=attractions&utm_content=KOP002586","110-170 서울 종로구 견지동 46-1","03144 서울특별시 종로구 우정국로 55 (조계사) ","02-768-8600","","http://www.jogyesa.kr","법회, 기도 불공 등 사찰 일정에 따라 이용 시간에 차이가 있음","","","지하철 1호선 종각역 2번 출구,  413m","혜능대사,절,목불좌상,종로구조계사,조계사,서울템플스테이,사찰,종교,유형문화재,서울조계사","접근가능"
"46871","ko","종로 은행나무집","https://korean.visitseoul.net/attractions/JongnoEunhaengnamujip/KOPtlgzyi?utm_source=seoulopendata&utm_medium=attractions&utm_content=KOPtlgzyi"," 서울 종로구 관철동 33-3 2~3층","03191 서울 종로구 삼일대로 382 (관철동, 신영빌딩) 2~3층","02-2277-2266","","","월요일-금요일 11:00~21:30 토요일-일요일 11:00~21:00,  (15:00~16:30 브레이크타임)","매일","","지하철 2/3호선 을지로3가역 1번 출구,  425m","갈비, 종로,오래가게, 한식당",""
"24708","ko","종로양복점","https://korean.visitseoul.net/attractions/Jongno-Tailor-Shop-kr/KOP024708?utm_source=seoulopendata&utm_medium=attractions&utm_content=KOP024708"," 서울 중구 저동2가 78 ","04551 서울 중구 수표로 45 (을지비즈센터) 618호 종로양복점","02-733-6216","","http://www.bellstreet.co.kr/","10:00~18:00","매일","","지하철 2/3호선 을지로3가역 12번 출구,  115m"," 맞춤양복,서울미래유산, 명동,양복, 남성정장,오래가게",""
"507","ko","종묘","https://korean.visitseoul.net/attractions/종묘/KOP000507?utm_source=seoulopendata&utm_medium=attractions&utm_content=KOP000507","110-400 서울 종로구 훈정동 1-2 ","03135 서울 종로구 종로 157 (훈정동, 종묘공원) ","02-765-0195","","http://jm.cha.go.kr/agapp/main/index.do?siteCd=JM","월요일, 수요일~금요일: 시간제 관람 (정해진 시간에 입장해 해설사와 동행하며 단체로 관람하고 함께 퇴장하는 제도)  한국어 해설 관람시간 9:20 / 10:20 / 11:20 / 12:20 / 13:20 / 14:20 / 15:20 / 16:20 / (3~9월) 16:40 *1시간 소요  영어 해설 관람시간 10:00 / 12:00 / 14:00 / 16:00 일본어 해설 관람시간 09:30 / 11:40 / 13:40 / 15:40 중국어 해설 관람시간 11:00 / 15:00  토요일, 일요일, 공휴일, 매월 마지막 수요일 일반관람 가능 2월 ~ 5월, 9월 ~ 10월 09:00~18:00 (입장마감 17:00) 6월 ~ 8월 09:00~18:30 (입장마감17:30) 11월 ~ 1월 09:30~17:30 (입장마감16:30) (※ 자세한 사항은 홈페이지를 참고해주세요.)","","화요일","지하철 1/3/5호선 종로3가역 8번 출구,  220m","종로3가역,유네스코세계문화유산,종묘제례, 광화문,창덕궁, 창경궁,종묘사직, 종묘","장애인화장실,접근가능,장애인 안내(휠체어 대여 및 기타)"
"47482","ko","종묘돌담길","https://korean.visitseoul.net/attractions/2024-jongmyostonewall/KOP0wav1s?utm_source=seoulopendata&utm_medium=attractions&utm_content=KOP0wav1s"," 서울 종로구 훈정동 1-2 ","03135 서울 종로구 권농동 104-1 ","","","","","","","지하철 5호선 종로3가역 7번 출구,  383m","종묘,서순라길,종로산책길,산책로,종묘돌담길,세계문화유산,돌담길,카페,공예작업실",""
"1596","ko","정독도서관","https://korean.visitseoul.net/attractions/정독도서관/KOP001596?utm_source=seoulopendata&utm_medium=attractions&utm_content=KOP001596","110-210 서울 종로구 화동 2 ","03055 서울 종로구 북촌로5길 48 (정독도서관) ","02-2011-5799","","http://jdlib.sen.go.kr/jdlib_index.jsp","자율학습실, 노트북실 3월~10월 평일 07:00 - 22:00  3월~10월 주말 07:00 - 22:00  11월~2월 평일 08:00 - 22:00 11월~2월 주말 08:00 - 22:00 *이용시설마다 이용시간이 상이함.","매일","-매월 첫째 주, 셋째 주 수요일  -일요일을 제외한 법정 공휴일 -도서관 사정으로 임시로 정하는 휴일","지하철 3호선 안국역 2번 출구,  720m","종로시립도서관,정독도서관,시립공공도서관,서울아이들과가볼만한곳,서울책읽는곳,아이들과함께,서울가볼만한곳,서울대표도서관,도서관데이트,종로가볼만한곳,서울책빌리는곳",""
"49251","ko","종로5가역 물품보관소","https://korean.visitseoul.net/attractions/LuggageStorage9/KOP7kj5yn?utm_source=seoulopendata&utm_medium=attractions&utm_content=KOP7kj5yn"," 서울 종로구 종로5가 82-1 ","03195 서울 종로구 종로 지하 216 (종로5가, 1호선 종로5가역) ","","","","","","","","종로5가역 물품보관소",""
"5797","ko","종이나라박물관","https://korean.visitseoul.net/attractions/종이나라박물관/KOP005796?utm_source=seoulopendata&utm_medium=attractions&utm_content=KOP005796","100-391 서울 중구 장충동1가 62-35 62-35","04606 서울 중구 장충단로 166 (장충동1가, 종이나라빌딩) ","02-2279-7901","","https://cafe.naver.com/papermuseum","09:30~18:00 (관람시간 종료 30분 전까지 입장 가능)","월요일~토요일","-일요일 -공휴일","지하철 3호선 동대입구 3번 출구,  55m","종이공예,종이나라박물관,종이인형,한지,종이접기,색지공예,한지그림,전통,미술,박물관,동대입구역",""
"41904","ko","중랑망우공간","https://korean.visitseoul.net/attractions/중랑망우공간/KOP041904?utm_source=seoulopendata&utm_medium=attractions&utm_content=KOP041904"," 서울 중랑구 망우동 산 57-1 ","02178 서울 중랑구 망우로91길 2 (망우동, 중랑 망우공간) ","02-496-8974~6","","https://manguripark.or.kr/","월요일~금요일 09:00-18:00","","","지하철 경의중앙선 양원역 2번 출구,  1.5km"," 망우리공원,중랑망우, 망우역사문화공원,중랑망우공간","장애인화장실,장애인 전용 주차장,접근가능,엘리베이터,장애인 안내(휠체어 대여 및 기타)"
"45529","ko","중앙고등학교","https://korean.visitseoul.net/attractions/ChoongAngHighSchool/KOPgcblme?utm_source=seoulopendata&utm_medium=attractions&utm_content=KOPgcblme"," 서울 종로구 계동 1 ","03051 서울 종로구 창덕궁길 164 (계동, 중앙고등학교) ","02-742-1321","","","","","","지하철 3호선 안국역 3번 출구,  713m","겨울연가, 종로,역사,중앙고등학교",""
"45534","ko","중앙상회","https://korean.visitseoul.net/attractions/ChoongAngStore/KOPl7gype?utm_source=seoulopendata&utm_medium=attractions&utm_content=KOPl7gype"," 서울 종로구 계동 2-105 ","03051 서울 종로구 창덕궁길 162 (계동) ","","","","","","","지하철 3호선 안국역 3번 출구,  715m"," 종로,한류,중앙상회",""
"13755","ko","지대방","https://korean.visitseoul.net/attractions/지대방/KOP013751?utm_source=seoulopendata&utm_medium=attractions&utm_content=KOP013751"," 서울 종로구 관훈동 196-6 ","03149 서울 종로구 인사동길 33 2층 ","02-738-5379","","","월요일~토요일 10:30~22:30 일요일 11:00~22:00","매일","없음","지하철 1/3/5호선 종로3가역 5번 출구, 351m ","쌈지길,카페,전통찻집,오래가게,전통차,인사동,종로",""
"50364","ko","지역관광 안테나숍(Seoul Regional Tourism Center)","https://korean.visitseoul.net/attractions/Seoul-Regional-Tourism-Center/KOPh83fpt?utm_source=seoulopendata&utm_medium=attractions&utm_content=KOPh83fpt"," 서울 중구 태평로1가 60-6 ","04519 서울 중구 세종대로 119 (태평로1가) ","02-720-0633 ","","https://www.instagram.com/antennashop_seoul","10:00-18:00","화요일-일요일","월요일","지하철 1호선/2호선 시청역 3번출구, 80m","안테나숍,seoul regional tourism center,로컬여행,지역여행,지역관광안테나숍","장애인화장실,접근가능,엘리베이터"
"6252","ko","진관사","https://korean.visitseoul.net/attractions/진관사/KOP006251?utm_source=seoulopendata&utm_medium=attractions&utm_content=KOP006251"," 서울특별시 은평구 진관동 354","03308 서울특별시 은평구 진관길 73 (진관동) ","02-359-8410","","http://www.jinkwansa.org","","","","지하철 3호선 구파발역 3번출구에서 7211,7723 버스 탑승하여 하나고 정류장 하차,  853m  지하철 3/6호선 연신내역 3번 출구에서 701, 7211 버스 탑승하여 하나고 정류장 하차,  853m ","종교,진관사, 구파발역,불교, 템플스테이, 절,사찰,고려",""
"6218","ko","진아춘 광화문점","https://korean.visitseoul.net/attractions/중화/KOP006215?utm_source=seoulopendata&utm_medium=attractions&utm_content=KOP006215","110-999 서울 종로구 신문로1가 163 ","03186 서울 종로구 새문안로 92 (신문로1가, 광화문오피시아) ","02-720-0688","","","월요일~금요일 11:00~14:30 / 17:00~21:20 토요일 11:00~14:30 / 17:00~20:00","","일요일, 명절 휴무","지하철 5호선 광화문역 6번 출구,  192m","3대맛집,진아춘,광화문역,중화,중식,중국요리,중식맛집,광화문맛집,라풍기,동파육",""
"3333","ko","짚풀생활사박물관","https://korean.visitseoul.net/attractions/짚풀생활사박물관/KOP003332?utm_source=seoulopendata&utm_medium=attractions&utm_content=KOP003332","110-522 서울 종로구 명륜2가 8-4 ","03075 서울 종로구 성균관로4길 45 (명륜2가) ","02-743-8787","","http://jipul.com/","10:00 ~ 17:00","화요일~토요일","일요일~월요일, 1월 1일, 설날, 추석연휴","지하철 4호선 혜화역 4번 출구,  315m"," 박물관, 민속자료,짚풀, 유물, 공예체험,대학로, 역사,혜화역, 명륜동, 한옥, 동대문,짚풀생활사박물관",""
"2010","ko","안동교회 소허당","https://korean.visitseoul.net/attractions/안동교회-소허당/KOP002010?utm_source=seoulopendata&utm_medium=attractions&utm_content=KOP002010","110-240 서울 종로구 안국동 27 27번지","03061 서울 종로구 윤보선길 57 (안동교회) ","02-733-3395","","http://www.andong-ch.org","* 예배 종류에 따라 예배 시간이 상이하므로 홈페이지 확인 바람","","","지하철 3호선 안국역 1번 출구,  305m","소허당, 북촌교회, 선교사,한옥, 안국역,안동교회, 북촌,광화문",""
"19540","ko","위안부 '기억의 터'","https://korean.visitseoul.net/attractions/위안부-기억의-터/KOP019540?utm_source=seoulopendata&utm_medium=attractions&utm_content=KOP019540","100-250 서울 중구 예장동 2-1 ","04628 서울 중구 퇴계로26가길 6 (예장동) 서울종합방재센터","","","","","","","지하철 4호선 명동역 1번 출구,  511m"," 기림비,추모공원, 위안부, 교육, 기억의터, 명동, 남산,명동역, 역사, 충무로역",""
"889","ko","정동길","https://korean.visitseoul.net/attractions/정동길/KOP000889?utm_source=seoulopendata&utm_medium=attractions&utm_content=KOP000889","100-151 서울 중구 충정로1가 51-11 ","04516 서울 중구 정동길 2 (충정로1가) ","","","","","","","지하철 1/2호선 시청역 12번 출구,  580m 지하철 5호선 서대문역 5번 출구,  581m","정동길,서울단풍구경,서울골목여행,서울문화거리,서울산책,덕수궁돌담길,정동길야경,덕수궁길,주말산책,정동길단풀,서울걷기좋은곳",""
"49280","ko","종로3가역 물품보관소","https://korean.visitseoul.net/attractions/LuggageStorage10/KOPxboc7z?utm_source=seoulopendata&utm_medium=attractions&utm_content=KOPxboc7z"," 서울 종로구 종로3가 10-5 ","03139 서울 종로구 종로 지하 129 (종로3가, 1호선 종로3가역) ","","","","","","","","종로3가역 물품보관소",""
"297","ko","창경궁","https://korean.visitseoul.net/attractions/창경궁/KOP000297?utm_source=seoulopendata&utm_medium=attractions&utm_content=KOP000297","110-360 서울 종로구 와룡동 2-1 ","03072 서울 종로구 창경궁로 185 (와룡동, 창경궁) ","02-762-4868","","http://cgg.cha.go.kr/agapp/public/html/HtmlPage.do?pg=/cgg/06/greeting_01.jsp&pageNo=74000000&siteCd=CGG","09:00 ~ 21:00 (입장마감 20:00)","화요일~일요일","월요일","지하철 4호선 혜화역 4번 출구,  779m","한국전통문화,한국궁궐,전통,서울볼거리,궁궐야행,서울여행코스,서울가볼만한곳,서울밤산책,서울궁궐,서울야간데이트,서울야경,창경궁,서울데이트코스,한국역사적명소","장애인화장실,장애인 전용 주차장,장애인 안내(휠체어 대여 및 기타)"
"37176","ko","창경궁 대온실 ","https://korean.visitseoul.net/attractions/창경궁-대온실/KOP037176?utm_source=seoulopendata&utm_medium=attractions&utm_content=KOP037176"," 서울 종로구 와룡동 2-1 ","03072 서울 종로구 창경궁로 185 (와룡동, 창경궁) ","02-762-9515","","http://cgg.cha.go.kr/agapp/main/index.do?siteCd=CGG","09:00 ~ 20:45","화요일~일요일 ","월요일","지하철 4호선 혜화역 4번 출구,  779m","서울가볼만한곳,창경궁대온실,창경궁데이트,창경궁포토존,창경궁","장애인 안내(휠체어 대여 및 기타)"
"295","ko","창덕궁","https://korean.visitseoul.net/attractions/창덕궁/KOP000295?utm_source=seoulopendata&utm_medium=attractions&utm_content=KOP000295","110-360 서울 종로구 와룡동 2-71 ","03072 서울 종로구 율곡로 99 (와룡동, 창덕궁) ","02-3668-2300","","https://royal.khs.go.kr/ROYAL/contents/menuInfo-gbg.do?grpCode=cdg","2-5월	09:00 ~ 18:00(입장마감은 17:00) 6-8월	09:00 ~ 18:30(입장마감은 17:30) 9-10월	09:00 ~ 18:00(입장마감은 17:00) 11-1월	09:00 ~ 17:30(입장마감은 16:30)","화요일~일요일","월요일 ","지하철 3호선 안국역 3번 출구,  389m ","서울데이트코스,한국여행코스,서울,서울명소,창덕궁,서울한복투어,서울가볼만한곳,한국전통,서울여행코스,한국문화,서울필수여행지,세계유산,고궁투어","장애인화장실,장애인 전용 주차장,장애인 안내(휠체어 대여 및 기타)"
"2435","ko","연세대학교 스팀슨관&언더우드관&아펜젤러관","https://korean.visitseoul.net/attractions/연세대학교-스팀슨관언더우드관아펜젤러관/KOP002435?utm_source=seoulopendata&utm_medium=attractions&utm_content=KOP002435","120-140 서울 서대문구 신촌동 134","03722 서울특별시 서대문구 연세로 50 (신촌동) ","1599-1885","","","월요일~토요일 오전 9:00~5:00 연세대학교 캠퍼스 개방일 학교 내부 사정에 따라 이용 시간 및 이용 여하에 차이가 있음 ","","","지하철 2호선 신촌역 2번 출구,  1.2km"," 홍대,연세대학교, 스팀슨, 아펜젤러, 유적지,신촌캠퍼스,신촌역, 언더우드, 배재학당","장애인화장실,장애인 전용 주차장,접근가능,엘리베이터"
"5000","ko","청원산방","https://korean.visitseoul.net/attractions/청원산방/KOP004996?utm_source=seoulopendata&utm_medium=attractions&utm_content=KOP004996"," 서울 종로구 계동 79-12 79-12","03056 서울 종로구 북촌로6길 27 (계동) ","02-715-3342","","http://www.somokjang.com/","토 10:00~17:00 (예약제로 진행) ","예약제 ","예약제 ","지하철 3호선 안국역 3번 출구,  430m"," 소목장, 공예체험,오래가게, 북촌한옥마을, 공예, 창호, 전통",""
"4537","ko","청진옥 ","https://korean.visitseoul.net/attractions/청진옥/KOP004537?utm_source=seoulopendata&utm_medium=attractions&utm_content=KOP004537"," 서울 종로구 청진동 183-1 ","03156 서울 종로구 종로3길 32 (청진동, 청진빌딩) 1층","02-735-1690","","http://www.cheongjinok.com/","06:00~22:00","월요일~일요일","연중무휴","지하철 1호선 종각역 1번 출구,  397m  지하철 5호선 광화문역 3번 출구,  294m","청진옥,종로맛집,르메이에르,해장맛집,한식당,선지해장국,해장국,한식맛집,수요미식회,국밥맛집,국밥집",""
"27112","ko","초대길","https://korean.visitseoul.net/attractions/초대길/KOP027112?utm_source=seoulopendata&utm_medium=attractions&utm_content=KOP027112"," 서울 강북구 수유동 산 73-23 ","01013 서울 강북구 4.19로 114 (수유동) 근현대사기념관 (출발)","02-901-6114","","","","","","지하철 4호선 수유(강북구청)역 4번 출구,  수유역정류장  (마을) 강북 01번 승차 ? 신성빌라 정류장 하차,  근현대사기념관 도착"," 신익희, 초대길, 근현대사기념관, 수유역, 이준열사, 순례길,역사,둘레길, 트레킹,순국선열묘역",""
"6465","ko","초전섬유퀼트박물관","https://korean.visitseoul.net/attractions/초전섬유퀼트박물관/KOP006463?utm_source=seoulopendata&utm_medium=attractions&utm_content=KOP006463","100-041 서울 중구 남산동1가 20 20 제일문화원 1층","04630 서울 중구 퇴계로18길 66 (제일빌딩) ","02-753-4074/4075","","","10:00~17:00 (폐관 30분 전까지 입장가능) ","월요일~금요일","토요일~일요일, 공휴일","지하철 4호선 명동역 3번 출구,  324m","박물관,예술,명동,전통자수,바느질,전통,섬유박물관,궁중의상,초전섬유퀼트박물관,남산,명동역,전시",""
"42352","ko","최만린미술관","https://korean.visitseoul.net/attractions/최만린미술관/KOP042352?utm_source=seoulopendata&utm_medium=attractions&utm_content=KOP042352"," 서울 성북구 정릉동 716-16 ","02708 서울 성북구 솔샘로7길 23 (정릉동) ","02-6952-5016","","https://sma.sbculture.or.kr/cml","화~토요일 10:00 ~ 18:00 전시준비로 휴관 : 기간(7.1. ~ 9. 3.)","","매주 일, 월요일 휴관","지하철 우이신설  북한산보국문역 2번 출구,  438m","최만린미술관",""
"39708","ko","춘당지","https://korean.visitseoul.net/attractions/춘당지/KOP039629?utm_source=seoulopendata&utm_medium=attractions&utm_content=KOP039629"," 서울 종로구 와룡동 2-1 ","03072 서울 종로구 창경궁로 185 (와룡동, 창경궁) "," 02-762-4868 ","","http://cgg.cha.go.kr/agapp/public/html/HtmlPage.do?pg=/cgg/01/virtual_01.jsp&pageNo=79010000&siteCd=CGG","09:00 ~ 20:00 (매표 및 입장시간) 09:00 ~ 21:00 (관람시간)","화요일~일요일","매주 월요일 (휴무일이 공휴일일 경우 익일 휴무)","지하철 4호선 혜화역 4번 출구,  994m","가을단풍,단풍명소,서울가을데이트명소,서울놀거리,춘당지,아름다운서울의명소,창경궁춘당지,산책하기좋은곳",""
"2637","ko","춘원당 한의약박물관","https://korean.visitseoul.net/attractions/춘원당-한방박물관/KOP002637?utm_source=seoulopendata&utm_medium=attractions&utm_content=KOP002637","110-320 서울 종로구 낙원동 154 ","03139 서울 종로구 돈화문로9길 27 (춘원당한방박물관) ","02-3672-2005","","http://cwdmuseum.com/","월요일~금요일 09:00~18:00 (휴게시간 12:30~13:30) 토요일 09:00~13:00","월요일~토요일","일요, 법정공휴일 ","지하철 1/3/5호선 종로3가역 5번 출구,  186m"," 한방, 박물관,한방병원, 춘원당, 한방박물관,광화문,전시, 춘원당한방박물관,종로3가역,탕제실",""
"49309","ko","충무로역 물품보관소","https://korean.visitseoul.net/attractions/LuggageStorage16/KOP593skb?utm_source=seoulopendata&utm_medium=attractions&utm_content=KOP593skb"," 서울 중구 필동2가 4-7 ","04625 서울 중구 퇴계로 198 (필동2가) ","","","","","","","","물품보관소",""
"49324","ko","요요 물품보관소","https://korean.visitseoul.net/attractions/LuggageStorage18/KOPav7wzt?utm_source=seoulopendata&utm_medium=attractions&utm_content=KOPav7wzt"," 서울 중구 남대문로2가 9-9 ","04532 서울 중구 소공로 지하 102 (남대문로2가, 소공지하쇼핑센터) ","","","","","","","서울시 중구 소공로 102 소공지하쇼핑센터 (B1) 100호","요요 물품보관소",""
"43473","ko","잉꼬네떡볶이","https://korean.visitseoul.net/attractions/2023112/KOPnownn2?utm_source=seoulopendata&utm_medium=attractions&utm_content=KOPnownn2","  ","02060 서울 중랑구 용마산로120길 43 ","02-2207-3603","","","평일 11:30~18:00 토,일요일 10:30~17:00 ","","화요일","지하철 경의중앙선 양원역 2번 출구,  815m","오래가게,매콤함,망우동,중랑,가성비,떡볶이,분식",""
"50910","ko","장가구 ","https://korean.visitseoul.net/attractions/Janggagu/KOPsknabd?utm_source=seoulopendata&utm_medium=attractions&utm_content=KOPsknabd"," 서울 은평구 역촌동 34-49 ","03406 서울 은평구 연서로4길 19 (역촌동) ","02-355-3678","","","11:00~22:00 ","매일 ","","지하철 6호선 응암역 3번 출구, 574m","오래가게,중국집,은평구,탕수육,짜장면,역촌동",""
"46869","ko","진고개 동대문점","https://korean.visitseoul.net/attractions/JingogaeDongdaemun/KOPfbg5iy?utm_source=seoulopendata&utm_medium=attractions&utm_content=KOPfbg5iy"," 서울 종로구 창신동 550-1 ","03106 서울 종로구 종로 301-1 (창신동) ","02-763-3565","","","월요일~금요일 11:00~21:30 토요일~일요일 11:00~21:00","매일","","지하철 1/4호선 동대문역 1번 출구,  57m","갈비,한식당,종로,오래가게",""
"24663","ko","코엑스","https://korean.visitseoul.net/attractions/Coex-convention-center-kr/KOP024663?utm_source=seoulopendata&utm_medium=attractions&utm_content=KOP024663","135-731 서울 강남구 삼성동 159 ","06164 서울 강남구 영동대로 513 (삼성동, 코엑스) ","02-6000-0114","","www.coex.co.kr","매일 10:00 - 18:00 (행사 종료시간 상이)","","","지하철 2호선 삼성역 6번 출구, 273m","삼성역, 전시, 박람회, 코엑스몰, 콘서트, 강남, 문화, 공연, 컨벤션홀,아쿠아리움, 별마당도서관, 쇼핑, 봉은사역, 시티투어버스, 행사,코엑스, 관광, 타이거버스, 수족관","장애인 전용 주차장,접근가능,장애인화장실,엘리베이터,장애인 안내(휠체어 대여 및 기타)"
"49407","ko","코엑스 물품보관소","https://korean.visitseoul.net/attractions/LuggageStorage32/KOP32m3he?utm_source=seoulopendata&utm_medium=attractions&utm_content=KOP32m3he"," 서울 강남구 삼성동 159 ","06164 서울 강남구 영동대로 513 (삼성동, 코엑스) ","","","","","","","","코엑스 물품보관소",""
"25929","ko","탈방 ","https://korean.visitseoul.net/attractions/탈방/KOP025929?utm_source=seoulopendata&utm_medium=attractions&utm_content=KOP025929"," 서울 종로구 관훈동 71 ","03146 서울 종로구 인사동길 48 (관훈동) ","02-734-9289","","https://www.instagram.com/talbang1984/#","11:00 - 19:00","월요일~토요일","일요일 ","지하철 3호선 안국역 6번 출구,  280m","목공예품,산대탈,목공예,인사동,전통탈,하회탈,오래가게,전통공예",""
"26194","ko","태극당","https://korean.visitseoul.net/attractions/태극당/KOP026194?utm_source=seoulopendata&utm_medium=attractions&utm_content=KOP026194","  ","04617 서울 중구 동호로24길 7 ","02-2279-3152","","http://www.taegeukdang.com/","08:00~21:00","매일","없음","지하철 3호선 동대입구역 2번 출구, 24m "," 장충동, 동국대,오래가게, 옛날빵, 빵, 제과점",""
"2299","ko","태릉, 강릉","https://korean.visitseoul.net/attractions/태릉-강릉/KOP002299?utm_source=seoulopendata&utm_medium=attractions&utm_content=KOP002299","139-804 서울 노원구 공릉동 산 223-19 ","01794 서울 노원구 화랑로 681 (공릉동, 태강릉) ","02-948-5668","","http://royaltombs.cha.go.kr/html/HtmlPage.do?pg=/new/html/portal_01_05_01.jsp&mn=RT_01_05","2월 ~ 5월, 9월 ~ 10월 06:00~18:00 (매표시간 09:00~17:00) 6월 ~ 8월 06:00~18:30 (매표시간 09:00~17:00) 11월 ~ 1월 06:30~17:30 (매표시간 09:00~17:00)","화요일~일요일 ","월요일","지하철 6호선 화랑대역 4번 출구,  1.6km","왕릉,강릉,태릉,태릉선수촌,화랑대역,노원구,유적지",""
"1955","ko","풍납토성","https://korean.visitseoul.net/attractions/풍납토성/KOP001953?utm_source=seoulopendata&utm_medium=attractions&utm_content=KOP001953"," 서울 송파구 풍납동 80-36 ","05512 서울특별시 송파구 한가람로20길 30 (풍납동) ","02-2147-2800","","","","","","지하철 5/8호선 천호역 10번 출구,  127m","한강유적, 백제풍납토성, 송파구, 풍납토성, 역사, 백제, 유적지, 한강,천호역",""
"50421","ko","플랫폼엘 (PLATFORM-L)","https://korean.visitseoul.net/attractions/PLATFORM-L/KOPn0wsm1?utm_source=seoulopendata&utm_medium=attractions&utm_content=KOPn0wsm1"," 서울 강남구 논현동 85-11 ","06053 서울 강남구 언주로133길 11 (논현동) ","02-6929-4470","","https://platform-l.org/","11:00-20:00","","매주 월요일","지하철 7호선 학동역 10번출구, 284m","플랫폼엘 컨템포러리 아트센터,플랫폼엘미술관,강남전시,서울미술관,리틀엘(LITTLE-L)",""
"43457","ko","유홍식 수제화 명장 1호","https://korean.visitseoul.net/attractions/2023047/KOPs40x54?utm_source=seoulopendata&utm_medium=attractions&utm_content=KOPs40x54"," 서울 성동구 성수동2가 300-5 ","04794 서울 성동구 아차산로 97 2층 ","02-467-8197","","https://www.ucnehandworks.com/","월요일~금요일 09:30~18:30 토요일 09:30~18:00 일요일 10:00~16:00","매일","","지하철 2호선 성수역 1번 출구,  31m","오래가게,성수동카페거리,수제화,성수,유홍식수제화명장1호",""
"25376","ko","을지다방","https://korean.visitseoul.net/attractions/EuljI-Tea-House-kr/KOP025376?utm_source=seoulopendata&utm_medium=attractions&utm_content=KOP025376"," 서울 중구 을지로3가 315-3 ","04550 서울 중구 을지로 124-1 2층 ","02-2272-1886 ","","","06:00 ~ 21:00","매일","없음","지하철 2/3호선 을지로3가역 10번 출구,  30m"," 다방,오래가게,카페, 을지로3가, 냉커피, 라면,쌍화차",""
"34860","ko","전태일기념관","https://korean.visitseoul.net/attractions/전태일기념관/KOP034860?utm_source=seoulopendata&utm_medium=attractions&utm_content=KOP034860"," 서울 종로구 관수동 152-1 ","03191 서울 종로구 청계천로 105 (관수동, 전태일기념관) ","02-318-0903","","http://taeil.org","하절기 (3월~10월) 10:00 ~ 18:00 동절기 (11월~2월) 10:00 ~ 17:30 ","화요일 - 일요일","월요일, 1월 1일, 명절 당일 휴무","지하철 2/3호선 을지로 3가역 2번 출구,  362m 지하철 1/3/5호선 종로3가역 15번출구,  373m ","전태일기념관",""
"49275","ko","종각역 물품보관소","https://korean.visitseoul.net/attractions/LuggageStorage13/KOPs2o36l?utm_source=seoulopendata&utm_medium=attractions&utm_content=KOPs2o36l","  ","03161 서울 종로구 종로 지하 55 (종로1가, 종각지하철역사) ","","","","","","","","종각역 물품보관소",""
"49367","ko","창덕궁 물품보관소","https://korean.visitseoul.net/attractions/LuggageStorage29/KOPod7j6m?utm_source=seoulopendata&utm_medium=attractions&utm_content=KOPod7j6m"," 서울 종로구 원서동 88-1 ","03057 서울 종로구 창덕궁길 94 (원서동, 원서노인정) ","","","","","","","","창덕궁 물품보관소",""
"45763","ko","청전이상범 가옥","https://korean.visitseoul.net/attractions/2024-cjisbhouse/KOPlpqd8k?utm_source=seoulopendata&utm_medium=attractions&utm_content=KOPlpqd8k"," 서울 종로구 누하동 178 ","03039 서울 종로구 필운대로 31-7 (누하동) ","","","","3-10월 09:00-18:00 11-2월 09:30-17:00","화요일-일요일","월요일","지하철 3호선 경복궁역 2번 출구,   619m ","한옥,서촌,서촌한옥마을,가옥,근현대건축",""
"15863","ko","피규어뮤지엄W","https://korean.visitseoul.net/attractions/피규어뮤지엄W/KOP015863?utm_source=seoulopendata&utm_medium=attractions&utm_content=KOP015863","135-954 서울 강남구 청담동 84-9 ","06014 서울 강남구 선릉로158길 3 (청담동, Ys Roo) ","02-512-8865","","http://www.figuremuseumw.co.kr","주중13:00~17:00 주말 11:00~18:00","화~일","-월요일 (단, 월요일이 공휴일인 경우 개관) -1월 1일 -설날, 추석 연휴 1,2일째 ","지하철 수인분당선 압구정로데오역 4번 출구,  103m"," 문화가있는날, 피규어,박물관, 이종석, 키덜트, 엑소,디오, 고소영, 이광수, 신민아, 소지섭,압구정로데오역,오마이비너스, 피규어뮤지엄W, 한류,임시완, 강남, 피규어뮤지엄",""
"28351","ko","피터팬1978","https://korean.visitseoul.net/attractions/피터팬1978/KOP028351?utm_source=seoulopendata&utm_medium=attractions&utm_content=KOP028351"," 서울 서대문구 연희동 90-5 ","03698 서울 서대문구 증가로 10 ","02-336-4775","","https://smartstore.naver.com/peterpanbakery","08:00~21:00","매일","없음","지하철2호선/공항철도/경의중앙선 홍대입구역 8번출구,  7612,7734, 7739번 환승, 연희동자치회관하차,  79m"," 신촌,연세대, 연희동,베이커리,오래가게, 제과점, 빵",""
"49296","ko","인사동길 내 물품보관소","https://korean.visitseoul.net/attractions/LuggageStorage27/KOPdez8hv?utm_source=seoulopendata&utm_medium=attractions&utm_content=KOPdez8hv"," 서울 종로구 관훈동 147 ","03145 서울 종로구 인사동길 55-1 ","","","","","","","","인사동길 내 물품보관소",""
"51173","ko","충무로역","https://korean.visitseoul.net/attractions/ChungmuroStation/KOP70yggc?utm_source=seoulopendata&utm_medium=attractions&utm_content=KOP70yggc"," 서울 중구 필동2가 4-7 ","04625 서울 중구 퇴계로 198 (필동2가) ","","","","","","","지하철 3호선/4호선 충무로역","충무로,충무로역,남산골한옥마을,한국의집,충무로 영상 센터,인쇄골목",""
"2052","ko","하늘물빛 (전통 천연 염색 연구소) ","https://korean.visitseoul.net/attractions/首爾韓方振興中心/KOP002052?utm_source=seoulopendata&utm_medium=attractions&utm_content=KOP002052"," 서울 종로구 숭인동 72-35 ","03113 서울 종로구 종로63라길 8 6층 옥상 ","0507-1363-9940","","","월요일~금요일 10:00~17:00 토요일 10:00~14:00","월요일~토요일","일요일","지하철 1/6호선 동묘앞역 2번 출구,   247m","오래가게,천연염색,쪽염색,염색,체험,하늘물빛,공방,전통문화체험",""
"48452","ko","한강초교앞보도육교","https://korean.visitseoul.net/attractions/hangangelementaryschooloverpass/KOPlwvkl4?utm_source=seoulopendata&utm_medium=attractions&utm_content=KOPlwvkl4"," 서울 용산구 한강로3가 "," 서울 용산구 한강로3가 ","","","","","매일","","지하철 4호선 신용산역 2번출구,  445m","서울사진스팟,야경맛집,용산가볼만한곳",""
"3452","ko","한국가구박물관","https://korean.visitseoul.net/attractions/한국가구박물관/KOP003452?utm_source=seoulopendata&utm_medium=attractions&utm_content=KOP003452","136-823 서울 성북구 성북동 330-577 330-577","02822 서울 성북구 대사관로 121 (성북동, 한국가구박물관) ","02-745-0181","","http://www.kofum.com/","* 현재 박물관 재정비 중으로 관람 중단 중입니다. ","화요일 ~ 토요일","-일요일, 월요일 -1월 1일 -설날, 추석 연휴 ","지하철 4호선 한성대입구역 6번 출구, 성북02번 탑승 후 한국가구박물관입구에서 하차, 196m ","박물관,한성대입구역, 가구박물관,목재, 성북동,전통가구, 가구, 목가구, 전시,문화, 한국가구박물관",""
"41681","ko","한국금융사박물관","https://korean.visitseoul.net/attractions/한국금융사박물관-KR/KOP041681?utm_source=seoulopendata&utm_medium=attractions&utm_content=KOP041681"," 서울 중구 태평로1가 62-12 ","04519 서울 중구 세종대로 135-5 (태평로1가, 조흥금융박물관) 3, 4층 ","02-2151-7677","","https://www.beautifulshinhan.co.kr/","10:00 ~ 18:00 (17:00 입장마감)","월요일~토요일","매주 일요일","지하철 5호선 광화문역 6번 출구,  150m","한국금융사박물관,어린이체험,박물관,역사,화폐,금융",""
"2730","ko","한국은행화폐박물관","https://korean.visitseoul.net/attractions/한국은행-본관-화폐금융박물관/KOP002730?utm_source=seoulopendata&utm_medium=attractions&utm_content=KOP002730","100-794 서울 중구 남대문로3가 110번지 한국은행 건물","04531 서울특별시 중구 남대문로 39, 한국은행건물 (남대문로3가) ","02-759-4881","","https://www.bok.or.kr/museum/main/main.do","10:00 - 17:00","화요일~일요일 ","월요일, 설/추석 연휴, 12월 29일 ~ 1월 2일, 근로자의 날, 선거일","지하철 4호선 회현역 7번 출구,  310m","박물관,서울박물관,서울전시회,한국은행,세계화페,명동,아이들과가볼만한곳,서울어린이체험,한국은행화폐박물관,전시,화폐박물관,서울가볼만한곳",""
"26956","ko","한영양복점","https://korean.visitseoul.net/attractions/한영양복점/KOP026956?utm_source=seoulopendata&utm_medium=attractions&utm_content=KOP026956"," 서울 중구 남산동2가 31-1 ","04631 서울 중구 퇴계로20길 2 ","02-735-1988","","futureheritage.seoul.go.kr/web/investigate/aroundHeritageView.do?htId=236","09:00~19:00","매일","없음","지하철 4호선 명동역 3번 출구,  95m"," 남성정장,오래가게, 맞춤양복,양복, 명동, 서울미래유산",""
"50129","ko","한지가헌","https://korean.visitseoul.net/attractions/HanjiHouse/KOP6nkrnk?utm_source=seoulopendata&utm_medium=attractions&utm_content=KOP6nkrnk"," 서울 종로구 재동 8 ","03055 서울 종로구 북촌로 31-9 (재동, SWNA) ","02-741-6600","","www.kcdf.or.kr/hanji","10:00-19:00","화요일 - 일요일","월요일 휴관","지하철 3호선 안국역 2번출구, 355m","한지문화홍보관,한국공예디자인문화진흥원,한지,북촌한옥마을 명소,한지가헌,안국역 명소",""
"23606","ko","혜화문","https://korean.visitseoul.net/attractions/Hyehwamun/KOP023606?utm_source=seoulopendata&utm_medium=attractions&utm_content=KOP023606","110-530 서울 종로구 혜화동 28-5 ","03076 서울 종로구 창경궁로 307 (혜화동, 혜화문) ","02-120","","","24시간","월요일~일요일","연중무휴","지하철 4호선 한성대입구역 5번 출구,  192m"," 동소문, 혜화, 4소문, 성곽,도성, 한성대입구역, 사소문, 동대문, 혜화동, 북동방,혜화문,성문",""
"5548","ko","호림박물관 (신사분관)","https://korean.visitseoul.net/attractions/호림박물관신사분관/KOP005546?utm_source=seoulopendata&utm_medium=attractions&utm_content=KOP005546","135-897 서울 강남구 신사동 651-24 ","06021 서울 강남구 도산대로 317 (신사동, 호림아트센터 1빌딩) ","02-541-3525","","https://www.horimmuseum.org/ko","AM 10:30 ~ PM 06:00 (입장 마감 PM 5:00)  - 7/27~9/1 신사분관 전시 교체로 인한 임시휴관 ","화요일 ~ 토요일","-매주 월, 일 -1월 1일 -설날, 추석 연휴","지하철 수인분당선 압구정로데오역 5번 출구,  635m"," 압구정로데오역,강남,강남구청역, 호림박물관신사분관, 고미술, 박물관,신사동, 전시, 현대미술, 호림박물관,신사역",""
"48960","ko","호호재 서울","https://korean.visitseoul.net/attractions/hohojae-seoul/KOPbnvhzx?utm_source=seoulopendata&utm_medium=attractions&utm_content=KOPbnvhzx"," 서울 종로구 팔판동 63-6 ","03054 서울 종로구 삼청로 71-7 (팔판동) ","0507-1363-8598","","https://www.instagram.com/hohojae_seoul","화-일 11:00-19:00","","매주 월요일","지하철 3호선 안국역 2번출구, 830m","호호재갤러리,한옥갤러리,삼청동전시,갤러리투어,한국작가",""
"41095","ko","잠실대교","https://korean.visitseoul.net/attractions/잠실대교/KOP041095?utm_source=seoulopendata&utm_medium=attractions&utm_content=KOP041095"," 서울 송파구 잠실동 1-1 ","05502 서울 송파구 한가람로 65 (잠실동, 한강사업본부 잠실안내센터) ","","","","","","","지하철 2/8호선 잠실역 7번 출구,  824m","서울,야경,다리,잠실대교,잠실,한강",""
"50022","ko","통의동 골목","https://korean.visitseoul.net/attractions/TonguidongAlley/KOPymxesx?utm_source=seoulopendata&utm_medium=attractions&utm_content=KOPymxesx"," 서울 종로구 통의동 35-15 ","03044 서울 종로구 통의동 35-15 ","","","","","","","지하철 3호선 경복궁역 3번출구, 229m","영추문길,통의동 골목,서촌,경복궁,보안여관,통의동 백송터,추사김정희집터,겸재정선집터,대림미술관",""
"4102","ko","홍지문 탕춘대성","https://korean.visitseoul.net/attractions/홍지문-탕춘대성/KOP004101?utm_source=seoulopendata&utm_medium=attractions&utm_content=KOP004101"," 서울 종로구 홍지동 산 4번지","03021 서울특별시 종로구 세검정로 212 (홍지동) ","02-120","","","상시개방","","","지하철 3호선 경복궁역 3번 출구,  상명대 방면 버스 이용 상명대학교 앞 하차","홍지문,유적지,서대문,홍지문탕춘대성,탕춘대성,홍지동,역사,북한산성",""
"49336","ko","회현쇼핑센터 물품보관소","https://korean.visitseoul.net/attractions/LuggageStorage20/KOPag5ihs?utm_source=seoulopendata&utm_medium=attractions&utm_content=KOPag5ihs"," 서울 중구 충무로1가 52-41 ","04535 서울 중구 소공로 지하 58 (충무로1가, 회현지하쇼핑센터) 마 24호","","","","","","","","회현쇼핑센터 물품보관소",""
"28330","ko","훼드라","https://korean.visitseoul.net/attractions/훼드라/KOP028330?utm_source=seoulopendata&utm_medium=attractions&utm_content=KOP028330","  ","03789 서울 서대문구 연세로5길 32 ","02-323-3201","","","12:00~02:00","매일","없음","지하철 2호선 신촌역 1번 출구,  170m","라면,분식,오래가게,신촌,연세대,해장,매운라면",""
"43491","ko","휘가로","https://korean.visitseoul.net/attractions/2023014/KOPuel8q4?utm_source=seoulopendata&utm_medium=attractions&utm_content=KOPuel8q4"," 서울 관악구 신림동 241-24 ","08814 서울 관악구 신림로11길 20 (신림동) ","02-889-1722","","","16:00~손님들이 원하는 시간까지","매일","없음","지하철 신림선 서울대벤처타운역 2번 출구,  617m ","호프,맥주,오래가게,서울대,관악구,녹두거리",""
"47031","ko","창덕궁 후원 ","https://korean.visitseoul.net/attractions/2024-cdggarden/KOPl8f5md?utm_source=seoulopendata&utm_medium=attractions&utm_content=KOPl8f5md"," 서울 종로구 와룡동 2-71 ","03072 서울 종로구 율곡로 99 (와룡동, 창덕궁) ","02-3668-2300","","https://royal.khs.go.kr/ROYAL/contents/R702000000.do","한국어 11~2월 10:00~15:00 (1시간 간격으로 입장 가능)  3~10월 10:00~16:00 (1시간 간격으로 입장 가능)  영어 12~2월 10:30 / 11:30 / 14:30  3~11월 10:30 / 11:30 / 14:30 / 15:30  일본어 1~12월 13:30 (매주 수,금,일요일 운영)  중국어 1~12월 12:30 (매주 화,목,토요일 운영)  * 언어권별 입장 제한 1회당 100명 (인터넷 예매 50명+현장발매 50명) * 후원 외국인 관람 시간 내국인 입장 불가 (단, 외국인 동반자가 있는 경우 내국인 최대 2명까지 입장 가능)","화요일 ~ 일요일 ","매주 월요일 휴관(정기휴관일이 공휴일 및 대체휴일과 겹칠 경우에는 개방하며, 그다음의 첫번째 비공휴일이 정기휴일임) ","지하철 3호선 안국역 3번 출구,  389m","창덕궁,정원,창덕궁후원",""
"3266","ko","창의문","https://korean.visitseoul.net/attractions/창의문/KOP003266?utm_source=seoulopendata&utm_medium=attractions&utm_content=KOP003266","110-030 서울시 종로구 부암동 277-11 ","03020 서울특별시 종로구 창의문로 118  (부암동) ","02-730-9924","","","","","","지하철 3호선 경복궁역 3번 출구, 1020, 7022번 지선버스 탑승, 자하문고개.윤동주문학관 하차,  51m ","성곽,광화문,창의문,성곽길,한양도성,북문,유적지,경복궁역,북악산,자하문",""
"45465","ko","채석장 전망대","https://korean.visitseoul.net/attractions/2024-Chaeseokjangjeonmangdae/KOPauov7d?utm_source=seoulopendata&utm_medium=attractions&utm_content=KOPauov7d"," 서울 종로구 창신동 23-322 ","03091 서울 종로구 낙산5길 51 (창신동) ","0507-1330-5416","","","화요일~금요일 10:00 ~ 20:00  토요일~일요일 10:00 ~ 22:00","화요일~일요일","매주 월요일","지하철6호선 창신역 1번 출구, 708m","창신동,카페,채석장전망대,전망대",""
"4696","ko","청계천박물관","https://korean.visitseoul.net/attractions/청계천문화관/KOP004693?utm_source=seoulopendata&utm_medium=attractions&utm_content=KOP004693","133-814 서울 성동구 마장동 527-4 ","04704 서울 성동구 청계천로 530 (마장동, 청계천박물관) ","02-2286-3410","","https://museum.seoul.go.kr/cgcm/index.do","09:00 ~ 18:00","화요일~일요일","-월요일 -1월 1일","지하철 2호선 용두역 5번 출구,  497m"," 생태,두물다리, 청계천박물관, 청계천문화관,청계천,역사,전시관, 제기동역",""
"50914","ko","청송본관함흥냉면","https://korean.visitseoul.net/attractions/Cheongsong-HamheungNaengmyeon/KOPw216z4?utm_source=seoulopendata&utm_medium=attractions&utm_content=KOPw216z4"," 서울 서대문구 연희동 193-6 ","03708 서울 서대문구 연희맛로 6 (연희동, 에스빌딩) ","02-334-3545","","","10:30~20:20 (라스트오더 20:00) ","월~토요일 ","일요일","지하철 2호선/경의중앙선/공항철도 홍대입구역 3번 출구, 1km","서대문구,오래가게,냉면,연희동,함흥냉면,회냉면,녹두전,만두",""
"5538","ko","청와대","https://korean.visitseoul.net/attractions/청와대/KOP005538?utm_source=seoulopendata&utm_medium=attractions&utm_content=KOP005538","110-820 서울 종로구 세종로 1 ","03048 서울 종로구 청와대로 1 (세종로) ","1522-7760","","https://www.opencheongwadae.kr/mps","3월~11월 09:00 ~ 18:00 (입장마감 17:00 / 실내입장마감 17:30) 12월~2월 09:00 ~ 17:30 (입장마감 16:30 / 실내입장마감 17:00) *2025년 8월 1일~ 관람 임시 중단. 자세한 사항은 홈페이지를 참고해주세요.","","화요일에는 개방하지 않습니다. (*다만 화요일이 공휴일 또는 대체공휴일과 겹치는 경우에는 화요일은 정상 개방되며, 그 다음날이 휴관일이 된다.)","지하철 3호선 경복궁역 3번 출구,  984m","대통령,종로가볼만한곳,관저,서울여행명소,대한민국대통령관저,사랑채,청와대,청와대지도,대통령집무실,청와대위치,서울종로구,청와대관람,청와대대통령,청와대주소",""
"45458","ko","창신동 절벽마을","https://korean.visitseoul.net/attractions/2024-changsincliff/KOPgvo4y2?utm_source=seoulopendata&utm_medium=attractions&utm_content=KOPgvo4y2"," 서울 종로구 창신동 23-322 ","03091 서울 종로구 낙산5길 51 ","","","","","","","지하철 6호선 창신역 1번 출구,  708m ","서울가볼만한곳, 창신동, 대한민국현대사,창신동절벽마을",""
"49872","ko","청담대교","https://korean.visitseoul.net/attractions/CheongdamdaegyoBridge/KOP87afpd?utm_source=seoulopendata&utm_medium=attractions&utm_content=KOP87afpd"," 서울 광진구 자양동 97-5 ","05089 서울 광진구 강변북로 68 ","","","","","","","지하철 7호선 자양역 3번출구, 390m","케이팝 데몬 헌터스,영화 어벤져스2,7호선자양역,한강다리,청담대교,영화 촬영지,애니메이션",""
"28328","ko","춘추사","https://korean.visitseoul.net/attractions/춘추사/KOP028328?utm_source=seoulopendata&utm_medium=attractions&utm_content=KOP028328"," 서울 서대문구 대현동 53-4 ","03767 서울 서대문구 이화여대8길 10 ","02-312-6661","","","10:00~18:00 (휴게시간 12:00~13:00)","월요일~금요일 ","주말, 공휴일","지하철 2호선 이대역 3번 출구,  243m","학위복판매,졸업식,추억,석사복,학위복대여,박사복,이대,오래가게",""
"28053","ko","코끼리분식","https://korean.visitseoul.net/attractions/2023029/KOP028053?utm_source=seoulopendata&utm_medium=attractions&utm_content=KOP028053"," 서울 마포구 도화동 345-4 ","04172 서울 마포구 도화2길 3 (도화동) ","02-717-9061","","https://www.instagram.com/koggiri_mapo_line5/","09:30~21:00(라스트오더 20:30)","매일","매달 1, 3번째 월요일 정기휴무 ","지하철 5호선 마포역 3번 출구,  270m","공덕,볶음밥,마포떡볶이골목,분식,오래가게,즉석떡볶이",""
"50922","ko","코스모스 분식","https://korean.visitseoul.net/attractions/CosmosBunsik/KOP1k0rxn?utm_source=seoulopendata&utm_medium=attractions&utm_content=KOP1k0rxn"," 서울 은평구 구산동 1-16 ","03412 서울 은평구 연서로15길 2 (구산동) ","02-358-6623","","","10:00~20:00 (라스트오더 19:30)","매일","","지하철 6호선 구산역 3번 출구, 107m","오래가게,떡볶이,즉석떡볶이,짜장떡볶이,분식,예일여고,구산역",""
"43610","ko","터방내","https://korean.visitseoul.net/attractions/202325/KOP5gojtd?utm_source=seoulopendata&utm_medium=attractions&utm_content=KOP5gojtd"," 서울 동작구 흑석동 184-19 ","06910 서울 동작구 흑석로 101-7 ","02-813-4434","","","11:00~24:00","월요일~토요일","일요일","지하철 9호선 흑석역 4번 출구,  322m ","오래가게,다방,중앙대,분위기,카페,흑석동,사이폰커피",""
"3085","ko","토탈미술관","https://korean.visitseoul.net/attractions/토탈미술관/KOP003085?utm_source=seoulopendata&utm_medium=attractions&utm_content=KOP003085","110-848 서울 종로구 평창동 465-16 465-16","03004 서울 종로구 평창32길 8 ","02-379-7037","","http://www.totalmuseum.org","화~일 13:00 ~ 18:00 (입장마감 17:30)","화~일","-월 -공휴일 -전시준비기간 휴관 ","지하철 3호선 경복궁역 3번출구,  1020, 1711 롯데.삼성아파트에서 하차 지하철 4호선 길음역 3번출구,  7211,110 롯데.삼성아파트에서 하차 "," 미술관, 예술, 길음역, 음악회,아트숍,평창동, 김종영갤러리, 전시, 토탈미술관, 가나아트센터,경복궁역,야외공연장",""
"25930","ko","통문관","https://korean.visitseoul.net/attractions/통문관/KOP025930?utm_source=seoulopendata&utm_medium=attractions&utm_content=KOP025930"," 서울 종로구 관훈동 147 ","03145 서울 종로구 인사동길 55-1 ","02-734-4092","","http://www.tongmunkwan.co.kr/","평일 10:30~17:00 토요일 11:00~15:00","","토요일 비정기, 일요일 정기","지하철 3호선 안국역 6번 출구,  200m"," 고서, 희귀본,오래가게, 인문학서점, 쌈지길, 서점, 서울미래유산",""
"50415","ko","페이스갤러리 서울","https://korean.visitseoul.net/attractions/pacegallery/KOPet80lf?utm_source=seoulopendata&utm_medium=attractions&utm_content=KOPet80lf"," 서울 용산구 한남동 740-1 ","04348 서울 용산구 이태원로 267 페이스갤러리 ","02-790-9388","","https://www.pacegallery.com/","10:00-18:00","","매주 일요일, 월요일","지하철 6호선 한강진역 1번출구, 185m","미술전시,서울전시,서울갤러리,한강진갤러리,페이스갤러리",""
"50932","ko","평택 고여사집 냉면","https://korean.visitseoul.net/attractions/Pyeongtaek-GoyeosaJip/KOPs9xa69?utm_source=seoulopendata&utm_medium=attractions&utm_content=KOPs9xa69"," 서울 서대문구 연희동 193-13 ","03708 서울 서대문구 연희로 81-9 (연희동) ","02-392-7461","","","11:00~20:00 (브레이크타임 16:00~17:00, 라스트오더 19:30) ","화~일요일 ","월요일 ","지하철 2호선/경의중앙선/공항철도 홍대입구역 3번출구, 1km","수육,연희동,신촌,오래가게,냉면,평양냉면,평택",""
"43614","ko","평택쌀상회","https://korean.visitseoul.net/attractions/2023017/KOPcqfhjg?utm_source=seoulopendata&utm_medium=attractions&utm_content=KOPcqfhjg","  ","08568 서울 금천구 독산로40길 27-5 ","02-895-4825","","","08:00~20:00","매일","없음","지하철 1호선 금천구청역 1번 출구,  1.4km"," 시흥동, 소면, 금천구,오래가게,곡류, 국수",""
"50927","ko","태조대림감자국","https://korean.visitseoul.net/attractions/TaejoDaerim/KOPlh5poa?utm_source=seoulopendata&utm_medium=attractions&utm_content=KOPlh5poa"," 서울 은평구 응암동 603-74 ","03478 서울 은평구 응암로 172 (응암동) ","02-306-6535","","","00:00~24:00(24시간 영업) ","매일 ","","지하철 6호선 새절역 2번 출구, 774m","응암동,대림시장,감자국,감자탕,24시간,오래가게,응암동감자국거리,뼈찜",""
"42255","ko","피겨앤그라운드","https://korean.visitseoul.net/attractions/피겨앤그라운드/KOP042255?utm_source=seoulopendata&utm_medium=attractions&utm_content=KOP042255"," 서울 강남구 신사동 543 ","06036 서울 강남구 논현로153길 53 (신사동, 피겨앤그라운드) ","","","","1층 카페(컨플릭트스토어) 매일 10:00 ~ 22:00","","","지하철 3호선/ 신분당선  신사역 8번 출구,  541m","피겨앤그라운드",""
"2126","ko","한강 이랜드크루즈","https://korean.visitseoul.net/attractions/한강-이랜드크루즈/KOP002126?utm_source=seoulopendata&utm_medium=attractions&utm_content=KOP002126","150-897 서울 영등포구 여의도동 85-1,  서울 송파구 잠실동 1-2 ","07337 서울 영등포구 여의동로 280 이랜드크루즈 매표소,  서울 송파구 백제고분로 2 잠실 이크루즈 ","02-6291-6900","","http://www.elandcruise.com/","10:00 ~ 22:00 (운항 코스별 상이) - 출발지, 회항/편도 노선에 따라 소요 시간 상이  - 자세한 운행 시간은 홈페이지 참고 혹은 전화 문의 부탁드립니다. ","월요일~일요일 (운항 코스별 상이) ","천재지변, 기상 악화시","여의도 선착장 : 지하철 5호선 여의나루역 3번 출구,  613m 잠실 선착장 : 지하철 2호선 잠실새내역 6번 출구,  999m","한강이랜드크루즈,런닝맨,이랜드크루즈,진성나루,자연,이랜드크루즈뷔페,한강데이트,여의나루역,여의도,한강유람선,이랜드크루즈애슐리,하천",""
"49805","ko","한강버스","https://korean.visitseoul.net/attractions/HanRiverBus/KOPmluo32?utm_source=seoulopendata&utm_medium=attractions&utm_content=KOPmluo32"," 서울 송파구 잠실동 1-2 일대 잠실 선착장 ","05500 서울 송파구 잠실동 1-2 일대 잠실 선착장 ","02-2203-3450","","https://www.hgbus.co.kr/","마곡 - 잠실 (일8회) 09:00 - 19:30 잠실 - 마곡 (일8회) 09:00 - 19:30","","","지하철 2호선 잠실새내역 7번출구, 1km  2호선/8호선 잠실역 5번출구, 2km","마곡선착장,맞춤형요금제,기후동행카드,망원선착장,여의도선착장,압구정선착장,옥수선착장,한강버스,수상대중교통,뚝섬선착장,잠실선착장",""
"43466","ko","합덕슈퍼","https://korean.visitseoul.net/attractions/2023066/KOPxc7u7g?utm_source=seoulopendata&utm_medium=attractions&utm_content=KOPxc7u7g"," 서울 용산구 한남동 685-1 ","04400 서울 용산구 이태원로42길 20 (한남동) ","02-793-8720","","","","",""," 지하철 6호선 이태원역 3번 출구,  528m ","슈퍼,오래가게,정겨움,골목길,이태원,마트,레트로,추억",""
"42375","ko","함스브로트과자점","https://korean.visitseoul.net/attractions/2023019/KOP042375?utm_source=seoulopendata&utm_medium=attractions&utm_content=KOP042375"," 서울 도봉구 쌍문동 88-106 ","01443 서울 도봉구 도봉로 483 (쌍문동) ","02-996-4488","","","월요일~토요일 09:00~21:40 일요일 11:00~18:00","매일","명절 당일","지하철 4호선 쌍문역 4번 출구,  14m ","빵, 제과,오래가게, 쌍문역, 빵지순례, 꽃다발케이크, 명장,케이크",""
"28659","ko","해방촌 골목","https://korean.visitseoul.net/attractions/해방촌-골목/KOP028659?utm_source=seoulopendata&utm_medium=attractions&utm_content=KOP028659","140-841 서울 용산구 용산동2가 11-13 ","04339 서울 용산구 신흥로 90 (용산동2가) ","","","","","","","지하철 6호선 녹사평역 2번 출구,  1.2km","서울,해방촌데이트,해방촌골목,핫플레이스,이태원명소,해방촌,해방촌골목길,서울명소,서울산책,해방촌산책,이태원,골목길,오래된가게,용산구,카페",""
"28057","ko","해창양복점","https://korean.visitseoul.net/attractions/해창양복점/KOP028057?utm_source=seoulopendata&utm_medium=attractions&utm_content=KOP028057","100-070 서울 중구 소공동 81 ","04532 서울 중구 남대문로7길 33 (소공동) 소공빌딩 101호","02-776-1667","","https://www.instagram.com/haechangtailor/","평일 09:00~19:00 토요일 09:00~18:00","월요일~토요일","일요일","지하철 1/2호선 시청역 7번 출구,  316m","맞춤양복점,시청역,소공동,해창양복점,을지로입구역,광화문",""
"2027","ko","허준근린공원","https://korean.visitseoul.net/attractions/구암공원/KOP002027?utm_source=seoulopendata&utm_medium=attractions&utm_content=KOP002027","157-807 서울 강서구 가양동 1471 ","07525 서울 강서구 허준로5길 42 (가양동, 구암공원관리사무실) ","02-2600-4196","","","","","","지하철 9호선 가양역 1번 출구,  741m ","분수, 구암공원, 가양역, 야경, 한강, 동의보감, 가양동,허준, 허준공원,박물관, 허준박물관",""
"48918","ko","홍대R1 레드컬처마켓","https://korean.visitseoul.net/attractions/HONGDAE-R1/KOPidz0r2?utm_source=seoulopendata&utm_medium=attractions&utm_content=KOPidz0r2"," 서울 마포구 서교동 348-24 ","04055 서울 마포구 서교동 348-24 ","02-120","","","","","","지하철 2호선/경의중앙/공항철도, 홍대입구역 9번출구,  220m","홍대, 문화, 플리마켓, 버스킹, 관광특화거리, 레드로드, 마포구",""
"49457","ko","홍대입구역 물품보관소","https://korean.visitseoul.net/attractions/LuggageStorage33/KOP11cwng?utm_source=seoulopendata&utm_medium=attractions&utm_content=KOP11cwng"," 서울 마포구 동교동 165 ","04050 서울 마포구 양화로 지하 160 (동교동, 홍대입구역) ","","","","","","","","홍대입구역 물품보관소",""
"1403","ko","허준박물관","https://korean.visitseoul.net/attractions/허준박물관/KOP001403?utm_source=seoulopendata&utm_medium=attractions&utm_content=KOP001403","157-202 서울 강서구 가양2동 26-5","07525 서울특별시 강서구 허준로 87 (가양동) ","02-3661-8686","","https://culture.gangseo.seoul.kr/gsfc/main/contents.do?menuNo=800156","하절기(3월~10월) 10:00~18:00 동절기(11월~2월) 10:00~17:00 토/일/공휴일 10:00~17:00 ※ 매표시간은 관람종료시간 1시간 전까지","화~일","-월요일 -1월 1일 -설 당일, 추석 당일","지하철 9호선 가양역 1번 출구,  736m 지하철 5호선 발산역 3번 출구, 6657, 6630, 1002 버스 탑승하여 한보구암마을아파트 하차,  243m"," 박물관, 체험학습, 구암공원, 구암허준, 한의학, 동의보감, 역사, 허준,가양역,가양동, 체험관,허준박물관",""
"5242","ko","헌인릉","https://korean.visitseoul.net/attractions/헌인릉/KOP005240?utm_source=seoulopendata&utm_medium=attractions&utm_content=KOP005240","137-180 서울 서초구 내곡동 1-3079  ","06795 서울 서초구 헌인릉길 36-10 (헌인릉) ","02-445-0347","","http://royaltombs.cha.go.kr/html/HtmlPage.do?pg=/new/html/portal_01_09_01.jsp&mn=RT_01_09","2월 ~ 5월, 9월 ~ 10월 09:00 ~ 18:00 6월 ~ 8월 09:00 ~ 18:30 11월 ~ 1월 09:00 ~ 17:30 (매표는 관람종료 1시간 전까지만 가능) ","화요일~일요일","월요일","지하철 3호선 양재역 7번 출구, 양재역.서초문화예술회관 정류장까지 240m 440, 741, 452 버스 탑승 후 헌인릉.강남서초과학화예비군훈련장 하차.  662m","인릉,헌릉,문화재청,강남,유네스코,세계문화유산,서울문화재,헌인릉,조선왕릉,서울명소,관광코스",""
"32528","ko","형제대장간 ","https://korean.visitseoul.net/attractions/형제대장간/KOP032528?utm_source=seoulopendata&utm_medium=attractions&utm_content=KOP032528"," 서울 은평구 수색동 102-49 ","03504 서울 은평구 수색로 249 (수색동) ","02-304-7156","","futureheritage.seoul.go.kr/web/investigate/aroundHeritageView.do?htId=2529","07:30~18:30 (동절기에는 좀 더 일찍 닫고, 하절기에는 좀 더 늦게 닫음)","월요일-토요일 ","일요일","지하철 경의중앙선 수색역 1번 출구,  200m"," 단조,철물, 서울미래유산,오래가게,대장간, 수색동, 은평구, 망치, 수제,전통",""
"43450","ko","혜성미용실","https://korean.visitseoul.net/attractions/2023016/KOPrs9x47?utm_source=seoulopendata&utm_medium=attractions&utm_content=KOPrs9x47"," 서울 구로구 오류동 11-25 ","08269 서울 구로구 고척로6길 42 (오류동) ","02-2682-9359","","","08:00~19:40","매일","첫째, 셋째 주 화요일 휴무","지하철 1호선 오류동역 3번 출구,  473m"," 미용실,오래가게, 오류동, 구로, 인두파마,미장원",""
"28332","ko","홍익문고","https://korean.visitseoul.net/attractions/홍익문고/KOP028332?utm_source=seoulopendata&utm_medium=attractions&utm_content=KOP028332"," 서울 서대문구 창천동 18-49 ","03779 서울 서대문구 연세로 2  ","02-392-2020","","cafe.naver.com/hongikbook","10:00~21:30","매일","없음","지하철 2호선 신촌역 3번 출구,  30m"," 서울미래유산, 서강대, 연세대, 신촌역,오래가게, 팬시, 문구류,서점",""
"28051","ko","호미화방","https://korean.visitseoul.net/attractions/호미화방/KOP028051?utm_source=seoulopendata&utm_medium=attractions&utm_content=KOP028051"," 서울 마포구 서교동 357-1 ","04039 서울 마포구 홍익로3길 20 서교프라자 1층,2층 ","02-336-8181","","www.homi.co.kr","09:00~21:00","매일","없음","지하철 2호선/공항철도/경의중앙선  홍대입구역 9번 출구,  367m","오래가게, 서울미래유산, 서교동, 디자인, 홍대, 미술용품, 미술화방,화방",""
"2021","ko","화계사","https://korean.visitseoul.net/attractions/Hotel-Cappuccino/KOP002021?utm_source=seoulopendata&utm_medium=attractions&utm_content=KOP002021","142-875 서울 강북구 수유1동 487 ","01095 서울 강북구 화계사길 117 (수유동, 화계사) ","02-902-2663","","http://www.hwagyesa.org","법회, 기도 불공 등 사찰 일정에 따라 이용 시간에 차이가 있음 ","","","지하철 우이신설선 화계역 2번 출구,  922m","삼각산,숲, 흥선대원군, 템플스테이,화계사, 수유역, 자연,사찰",""
"4198","ko","환구단(원구단)","https://korean.visitseoul.net/attractions/환구단원구단/KOP004198?utm_source=seoulopendata&utm_medium=attractions&utm_content=KOP004198"," 서울시 중구 소공동 87-1 "," 서울시 중구 소공로 106 (소공동) ","02-3396-5880","","","","","","지하철 1/2호선 시청역 6번 출구,  157m","을지로입구역,제천단,광화문,원구단,환구단,시청역,조선호텔",""
"29766","ko","황학정","https://korean.visitseoul.net/attractions/황학정/KOP029766?utm_source=seoulopendata&utm_medium=attractions&utm_content=KOP029766","110-054 서울 종로구 사직동 산 1-1 ","03027 서울 종로구 사직로9길 15-32 (사직동) ","02-738-5785","","http://www.hwanghakjeong.org/","국궁전시관 10:00~17:00 ","화요일~일요일","월요일, 1월 1일, 설 당일, 추석 당일","지하철 3호선 경복궁역 1번 출구,  750m"," 활터, 황학정,국궁전시관, 광화문, 경희궁,경복궁역",""
"43442","ko","효성한의원","https://korean.visitseoul.net/attractions/2023021/KOPvsi1e5?utm_source=seoulopendata&utm_medium=attractions&utm_content=KOPvsi1e5"," 서울 동대문구 제기동 1140-55 ","02569 서울 동대문구 약령중앙로 5 (제기동, 대산빌딩) ","02-961-5544","","blog.naver.com/cjswldls60","11:00~17:00","화, 목, 토, 일","월, 수, 금","지하철 1호선 제기동역 2번 출구,  104m"," 제기동, 한약재, 서울약령시, 한의학, 한방치료,오래가게",""
"19657","ko","효자베이커리","https://korean.visitseoul.net/attractions/효자베이커리/KOP019657?utm_source=seoulopendata&utm_medium=attractions&utm_content=KOP019657"," 서울 종로구 통인동 43-1 ","03036 서울 종로구 필운대로 54 ","02-736-7629","","","화요일~일요일 08:00 ~ 20:20 * 준비된 상품 소진 시 조기 마감 됩니다.","화요일~일요일","월요일","지하철 3호선 경복궁역 2번 출구,  697m"," 빵,오래가게, 도넛,고로케, 베이글,발효빵, 빵집",""
"11115","ko","흑석동 효사길","https://korean.visitseoul.net/attractions/흑석동-효사길/KOP011112?utm_source=seoulopendata&utm_medium=attractions&utm_content=KOP011112","156-860 서울 동작구 흑석동 173-191 173-191","06910 서울 동작구 흑석동 효사 4, 5길 ","","","","","","","지하철 9호선 흑석역 4번 출구,  702m","흑석동효사길,골목산책,서울야경명소,서울골목길,보고싶다촬영지,효사길전망대,서울시티투어,서울아름다운야경명소,서울낭만명소,서울골목투어,서울여행,서울가볼만한곳",""
"1999","ko","흥인지문(동대문)","https://korean.visitseoul.net/attractions/흥인지문동대문/KOP001999?utm_source=seoulopendata&utm_medium=attractions&utm_content=KOP001999","110-126 서울 종로구 종로6가 69 ","03119 서울 종로구 종로 288 (종로6가, 흥인지문) ","02-731-0412","","","24시간 개방","월~일","","지하철 1/4호선 동대문역 9번 출구,  74m "," 역사,성곽,흥인지문,서울동대문볼거리,동대문명소,서울데이트,서울명소, 문화재,서울문화재,서울여행,동대문야시장, 동대문,서울사대문",""
"43455","ko","힐스트링","https://korean.visitseoul.net/attractions/2023044/KOPht2ct9?utm_source=seoulopendata&utm_medium=attractions&utm_content=KOPht2ct9"," 서울 서초구 서초동 1463-21 ","06711 서울 서초구 반포대로1길 8 성호빌딩 3층  ","02-584-8195","","","09:30~18:00","월요일 ~ 금요일 ","주말, 공휴일","지하철 3/ 7/ 9호선 고속터미널역 5번 출구,  750m","오래가게,서초,현악기제작,명장,예술의전당,악기수리,바이올린",""
"5614","ko","하동관 ","https://korean.visitseoul.net/attractions/하동관/KOP005614?utm_source=seoulopendata&utm_medium=attractions&utm_content=KOP005614","100-021 서울 중구 명동1가 10-4 ","04538 서울 중구 명동9길 12 (명동1가) ","02-776-5656","","http://www.hadongkwan.co.kr/","매일 07:00~16:00","","일요일, 명절 당일?다음날 휴무","지하철 2호선 을지로입구역 4번 출구,  276m","을지로음식점,명동음식점,한우곰탕전문점,단골맛집,명동,곰탕,명동맛집,하동관,수요미식회,수육",""
"25377","ko","학림다방","https://korean.visitseoul.net/attractions/Hallim-Tea-House-kr/KOP025377?utm_source=seoulopendata&utm_medium=attractions&utm_content=KOP025377"," 서울 종로구 명륜4가 94-2 ","03079 서울 종로구 대학로 119 2층 ","02-742-2877 ","","","10:00~23:00 (라스트오더 22:00)","매일","없음","지하철 4호선 혜화역 3번 출구, 100m","서울미래유산,커피, 대학로,오래가게, 카페,감성",""
"43446","ko","학사당구장","https://korean.visitseoul.net/attractions/2023023/KOPoflaca?utm_source=seoulopendata&utm_medium=attractions&utm_content=KOPoflaca"," 서울 동대문구 제기동 137-46 ","02473 서울 동대문구 안암로 154 (제기동) 2층","010-9925-8772","","","11:00 ? 24:00","매일","없음","지하철 6호선 고려대역 6번 출구,  150m","고려대,안암,당구장,동대문,제기동,오래가게,추억,대학가앞",""
"3358","ko","한상수자수박물관","https://korean.visitseoul.net/attractions/한상수자수박물관/KOP003357?utm_source=seoulopendata&utm_medium=attractions&utm_content=KOP003357"," 서울 성북구 성북동 125-9 ","02880 서울 성북구 성북로 87-1 (성북동, 백강빌딩) ","0507-1364-1545","","https://www.facebook.com/hsskem","화요일~일요일 10:00~17:00 휴게시간 12:00~13:00","화요일~일요일","월요일","지하철 4호선 한성대입구역 5번 출구,  719m","전통문화,성북동,한국자수,무형문화재,체험,오래가게,전시",""
"11610","ko","한성백제박물관","https://korean.visitseoul.net/attractions/한성백제박물관/KOP011610?utm_source=seoulopendata&utm_medium=attractions&utm_content=KOP011610","138-829 서울 송파구 방이동 88-20 88-20","05540 서울 송파구 위례성대로 71 (방이동, 한성백제박물관) ","02-2152-5800","","http://baekjemuseum.seoul.go.kr/ ","09:00~19:00 금 09:00~21:00  ","화요일 ~ 일요일 ","-월요일 (월요일이 공휴일인 경우 개관) -1월 1일","지하철 9호선 한성백제역 2번 출구,  363m","문화재, 올림픽공원역,몽촌토성역, 잠실, 백제, 올림픽공원, 박물관, 전시, 유적, 방이동, 4D영상체험,한성백제박물관","장애인화장실,장애인 전용 주차장,접근가능,엘리베이터,장애인 안내(휠체어 대여 및 기타)"
"29048","ko","한신옹기","https://korean.visitseoul.net/attractions/한신옹기/KOP029048?utm_source=seoulopendata&utm_medium=attractions&utm_content=KOP029048"," 서울 용산구 용산동2가 5-1612 ","04338 서울 용산구 신흥로 7 (용산동2가) ","02-794-3687","","https://futureheritage.seoul.go.kr/web/investigate/aroundHeritageView.do?htId=2719","토~목 11:00~18:30 금 14:00~18:30","","월요일","지하철 6호선 녹사평역 2번 출구,  381m"," 포토존, 항아리, 화분, 자기, 이촌, 서울미래유산, 녹사평역, 도자기,옹기, 한신옹기, 서울, 해방촌, 뚝배기, 쌀독,오래가게,용산구, 장독",""
"45954","ko","현대카드 뮤직 라이브러리, 현대카드 바이닐앤플라스틱","https://korean.visitseoul.net/attractions/hyundaicard-musiclibrary-hyundaicard-vinyl-and-plastic/KOPtvunyc?utm_source=seoulopendata&utm_medium=attractions&utm_content=KOPtvunyc"," 서울 용산구 한남동 683-132 ","04400 서울 용산구 이태원로 246 (한남동) ","02-331-6300","","https://dive.hyundaicard.com/web/musiclibrary/spaceMain.hdc","화요일~토요일 12:00~21:00 / 일요일, 공휴일 12:00~18:00 ","화요일~일요일","월요일, 설, 추석 연휴 휴관","지하철 6호선 한강진역 3번 출구,  411m","현대카드,LP,이태원,한남동,아날로그,뮤직라이브러리,턴테이블,희귀음반,바이닐",""